-- phpMyAdmin SQL Dump
-- version 5.0.1
-- https://www.phpmyadmin.net/
--
-- Host: localhost
-- Generation Time: May 30, 2022 at 11:16 AM
-- Server version: 10.4.11-MariaDB
-- PHP Version: 7.4.2

SET SQL_MODE = "NO_AUTO_VALUE_ON_ZERO";
SET AUTOCOMMIT = 0;
START TRANSACTION;
SET time_zone = "+00:00";


/*!40101 SET @OLD_CHARACTER_SET_CLIENT=@@CHARACTER_SET_CLIENT */;
/*!40101 SET @OLD_CHARACTER_SET_RESULTS=@@CHARACTER_SET_RESULTS */;
/*!40101 SET @OLD_COLLATION_CONNECTION=@@COLLATION_CONNECTION */;
/*!40101 SET NAMES utf8mb4 */;

--
-- Database: `db_car_engine`
--

-- --------------------------------------------------------

--
-- Table structure for table `articles`
--

CREATE TABLE `articles` (
  `id` bigint(20) UNSIGNED NOT NULL,
  `user_id` bigint(20) UNSIGNED NOT NULL,
  `title` varchar(255) COLLATE utf8mb4_unicode_ci NOT NULL,
  `description` text COLLATE utf8mb4_unicode_ci NOT NULL,
  `image` text COLLATE utf8mb4_unicode_ci NOT NULL,
  `link` text COLLATE utf8mb4_unicode_ci NOT NULL,
  `deleted_at` timestamp NULL DEFAULT NULL,
  `created_at` timestamp NULL DEFAULT NULL,
  `updated_at` timestamp NULL DEFAULT NULL
) ENGINE=InnoDB DEFAULT CHARSET=utf8mb4 COLLATE=utf8mb4_unicode_ci;

--
-- Dumping data for table `articles`
--

INSERT INTO `articles` (`id`, `user_id`, `title`, `description`, `image`, `link`, `deleted_at`, `created_at`, `updated_at`) VALUES
(1, 1, 'تنظیم به موقع روغن ماشین', 'شاید برای شما هم سوال باشد که چه لزومی دارد روغن موتور خودرو را هر چند ماه یک‌بار تعویض کنیم؟ قطعا تمام ابزار مصرفی در خودرو هر از گاهی نیاز به تعویض دارند. زیرا هر کدام دارای یک دوره استهلاک بوده و پس از مدتی، کاربری‌های خود را از دست می‌دهند. روغن موتور نیز از این قاعده مستثنی نیست و افراد باید پس از اتمام عمر مفید روغن موتور، آن را تعویض کنند تا سلامت موتور خودرو حفظ شود', 'v-articles/May2022/1PANvgOvex8z9gDAleR0.jpg', 'https://petronam.co/%D8%A2%D9%85%D9%88%D8%B2%D8%B4-%D8%AC%D8%A7%D9%85%D8%B9-%D8%AA%D8%B9%D9%88%DB%8C%D8%B6-%D8%B1%D9%88%D8%BA%D9%86-%D9%85%D9%88%D8%AA%D9%88%D8%B1/', NULL, '2022-05-30 06:41:01', '2022-05-30 06:41:01'),
(2, 1, 'آموزش تعویض روغن', 'آموزش تعویض روغن ماشین شامل دو مرحله تعویض روغن و تعویض فیلتر روغن است؛ حال آیا تا اکنون به این موضوع فکر کرده اید که می توانید با یادگیری نحوه تعویض روغن ماشین ، بدون صرف زمان و هزینه برای رفتن به تعمیرگاه  اینکار را انجام دهید؟ قابل ذکر است که ما در این مطلب با آموزش تعویض روغن ماشین به صورت جامع و روان این امکان را برای شما فراهم آورده ایم؛ نکته قابل تذکر این است اگر چه این کار به نظر ساده می آید ولی با کوچکترین اشتباه ممکن در این امر صدمات جبران ناپذیری را به موتور وارد آورید.برای جلوگیری از این مشکلات می توانید از متخصصان خبره خدمت از ما کمک بگیرید.', 'v-articles/May2022/4aXTZ14VVaK5s7V0WQSa.jpg', 'https://khedmatazma.com/mag/complete-guide-car-oil-replacement', NULL, '2022-05-30 06:42:06', '2022-05-30 06:42:06');

-- --------------------------------------------------------

--
-- Table structure for table `cities`
--

CREATE TABLE `cities` (
  `id` int(10) UNSIGNED NOT NULL,
  `name` varchar(255) COLLATE utf8mb4_unicode_ci NOT NULL,
  `slug` varchar(255) COLLATE utf8mb4_unicode_ci NOT NULL,
  `description` text COLLATE utf8mb4_unicode_ci DEFAULT NULL,
  `province_id` tinyint(3) UNSIGNED NOT NULL
) ENGINE=InnoDB DEFAULT CHARSET=utf8mb4 COLLATE=utf8mb4_unicode_ci;

--
-- Dumping data for table `cities`
--

INSERT INTO `cities` (`id`, `name`, `slug`, `description`, `province_id`) VALUES
(1, 'آذرشهر', 'آذرشهر', NULL, 1),
(2, 'تیمورلو', 'تیمورلو', NULL, 1),
(3, 'گوگان', 'گوگان', NULL, 1),
(4, 'ممقان', 'ممقان', NULL, 1),
(5, 'اسکو', 'اسکو', NULL, 1),
(6, 'ایلخچی', 'ایلخچی', NULL, 1),
(7, 'سهند', 'سهند', NULL, 1),
(8, 'اهر', 'اهر', NULL, 1),
(9, 'هوراند', 'هوراند', NULL, 1),
(10, 'بستان آباد', 'بستان-آباد', NULL, 1),
(11, 'تیکمه داش', 'تیکمه-داش', NULL, 1),
(12, 'بناب', 'بناب', NULL, 1),
(13, 'باسمنج', 'باسمنج', NULL, 1),
(14, 'تبریز', 'تبریز', NULL, 1),
(15, 'خسروشاه', 'خسروشاه', NULL, 1),
(16, 'سردرود', 'سردرود', NULL, 1),
(17, 'جلفا', 'جلفا', NULL, 1),
(18, 'سیه رود', 'سیه-رود', NULL, 1),
(19, 'هادیشهر', 'هادیشهر', NULL, 1),
(20, 'قره آغاج', 'قره-آغاج', NULL, 1),
(21, 'خمارلو', 'خمارلو', NULL, 1),
(22, 'دوزدوزان', 'دوزدوزان', NULL, 1),
(23, 'سراب', 'سراب', NULL, 1),
(24, 'شربیان', 'شربیان', NULL, 1),
(25, 'مهربان', 'مهربان', NULL, 1),
(26, 'تسوج', 'تسوج', NULL, 1),
(27, 'خامنه', 'خامنه', NULL, 1),
(28, 'سیس', 'سیس', NULL, 1),
(29, 'شبستر', 'شبستر', NULL, 1),
(30, 'شرفخانه', 'شرفخانه', NULL, 1),
(31, 'شندآباد', 'شندآباد', NULL, 1),
(32, 'صوفیان', 'صوفیان', NULL, 1),
(33, 'کوزه کنان', 'کوزه-کنان', NULL, 1),
(34, 'وایقان', 'وایقان', NULL, 1),
(35, 'جوان قلعه', 'جوان-قلعه', NULL, 1),
(36, 'عجب شیر', 'عجب-شیر', NULL, 1),
(37, 'آبش احمد', 'آبش-احمد', NULL, 1),
(38, 'کلیبر', 'کلیبر', NULL, 1),
(39, 'خداجو(خراجو)', 'خداجو-خراجو-', NULL, 1),
(40, 'مراغه', 'مراغه', NULL, 1),
(41, 'بناب مرند', 'بناب-مرند', NULL, 1),
(42, 'زنوز', 'زنوز', NULL, 1),
(43, 'کشکسرای', 'کشکسرای', NULL, 1),
(44, 'مرند', 'مرند', NULL, 1),
(45, 'یامچی', 'یامچی', NULL, 1),
(46, 'لیلان', 'لیلان', NULL, 1),
(47, 'مبارک شهر', 'مبارک-شهر', NULL, 1),
(48, 'ملکان', 'ملکان', NULL, 1),
(49, 'آقکند', 'آقکند', NULL, 1),
(50, 'اچاچی', 'اچاچی', NULL, 1),
(51, 'ترک', 'ترک', NULL, 1),
(52, 'ترکمانچای', 'ترکمانچای', NULL, 1),
(53, 'میانه', 'میانه', NULL, 1),
(54, 'خاروانا', 'خاروانا', NULL, 1),
(55, 'ورزقان', 'ورزقان', NULL, 1),
(56, 'بخشایش', 'بخشایش', NULL, 1),
(57, 'خواجه', 'خواجه', NULL, 1),
(58, 'زرنق', 'زرنق', NULL, 1),
(59, 'کلوانق', 'کلوانق', NULL, 1),
(60, 'هریس', 'هریس', NULL, 1),
(61, 'نظرکهریزی', 'نظرکهریزی', NULL, 1),
(62, 'هشترود', 'هشترود', NULL, 1),
(63, 'ارومیه', 'ارومیه', NULL, 2),
(64, 'سرو', 'سرو', NULL, 2),
(65, 'سیلوانه', 'سیلوانه', NULL, 2),
(66, 'قوشچی', 'قوشچی', NULL, 2),
(67, 'نوشین', 'نوشین', NULL, 2),
(68, 'اشنویه', 'اشنویه', NULL, 2),
(69, 'نالوس', 'نالوس', NULL, 2),
(70, 'بوکان', 'بوکان', NULL, 2),
(71, 'سیمینه', 'سیمینه', NULL, 2),
(72, 'پلدشت', 'پلدشت', NULL, 2),
(73, 'نازک علیا', 'نازک-علیا', NULL, 2),
(74, 'پیرانشهر', 'پیرانشهر', NULL, 2),
(75, 'گردکشانه', 'گردکشانه', NULL, 2),
(76, 'تکاب', 'تکاب', NULL, 2),
(77, 'آواجیق', 'آواجیق', NULL, 2),
(78, 'سیه چشمه', 'سیه-چشمه', NULL, 2),
(79, 'قره ضیاءالدین', 'قره-ضیاءالدین', NULL, 2),
(80, 'ایواوغلی', 'ایواوغلی', NULL, 2),
(81, 'خوی', 'خوی', NULL, 2),
(82, 'دیزج دیز', 'دیزج-دیز', NULL, 2),
(83, 'زرآباد', 'زرآباد', NULL, 2),
(84, 'فیرورق', 'فیرورق', NULL, 2),
(85, 'قطور', 'قطور', NULL, 2),
(86, 'ربط', 'ربط', NULL, 2),
(87, 'سردشت', 'سردشت', NULL, 2),
(88, 'میرآباد', 'میرآباد', NULL, 2),
(89, 'تازه شهر', 'تازه-شهر', NULL, 2),
(90, 'سلماس', 'سلماس', NULL, 2),
(91, 'شاهین دژ', 'شاهین-دژ', NULL, 2),
(92, 'کشاورز', 'کشاورز', NULL, 2),
(93, 'محمودآباد', 'محمودآباد', NULL, 2),
(94, 'شوط', 'شوط', NULL, 2),
(95, 'مرگنلر', 'مرگنلر', NULL, 2),
(96, 'بازرگان', 'بازرگان', NULL, 2),
(97, 'ماکو', 'ماکو', NULL, 2),
(98, 'خلیفان', 'خلیفان', NULL, 2),
(99, 'مهاباد', 'مهاباد', NULL, 2),
(100, 'باروق', 'باروق', NULL, 2),
(101, 'چهاربرج', 'چهاربرج', NULL, 2),
(102, 'میاندوآب', 'میاندوآب', NULL, 2),
(103, 'محمدیار', 'محمدیار', NULL, 2),
(104, 'نقده', 'نقده', NULL, 2),
(105, 'اردبیل', 'اردبیل', NULL, 3),
(106, 'هیر', 'هیر', NULL, 3),
(107, 'بیله سوار', 'بیله-سوار', NULL, 3),
(108, 'جعفرآباد', 'جعفرآباد', NULL, 3),
(109, 'اسلام اباد', 'اسلام-اباد', NULL, 3),
(110, 'اصلاندوز', 'اصلاندوز', NULL, 3),
(111, 'پارس آباد', 'پارس-آباد', NULL, 3),
(112, 'تازه کند', 'تازه-کند', NULL, 3),
(113, 'خلخال', 'خلخال', NULL, 3),
(114, 'کلور', 'کلور', NULL, 3),
(115, 'هشتجین', 'هشتجین', NULL, 3),
(116, 'سرعین', 'سرعین', NULL, 3),
(117, 'گیوی', 'گیوی', NULL, 3),
(118, 'تازه کندانگوت', 'تازه-کندانگوت', NULL, 3),
(119, 'گرمی', 'گرمی', NULL, 3),
(120, 'رضی', 'رضی', NULL, 3),
(121, 'فخراباد', 'فخراباد', NULL, 3),
(122, 'قصابه', 'قصابه', NULL, 3),
(123, 'لاهرود', 'لاهرود', NULL, 3),
(124, 'مرادلو', 'مرادلو', NULL, 3),
(125, 'مشگین شهر', 'مشگین-شهر', NULL, 3),
(126, 'آبی بیگلو', 'آبی-بیگلو', NULL, 3),
(127, 'عنبران', 'عنبران', NULL, 3),
(128, 'نمین', 'نمین', NULL, 3),
(129, 'کوراییم', 'کوراییم', NULL, 3),
(130, 'نیر', 'نیر', NULL, 3),
(131, 'آران وبیدگل', 'آران-وبیدگل', NULL, 4),
(132, 'ابوزیدآباد', 'ابوزیدآباد', NULL, 4),
(133, 'سفیدشهر', 'سفیدشهر', NULL, 4),
(134, 'نوش آباد', 'نوش-آباد', NULL, 4),
(135, 'اردستان', 'اردستان', NULL, 4),
(136, 'زواره', 'زواره', NULL, 4),
(137, 'مهاباد', 'مهاباد-', NULL, 4),
(138, 'اژیه', 'اژیه', NULL, 4),
(139, 'اصفهان', 'اصفهان', NULL, 4),
(140, 'بهارستان', 'بهارستان', NULL, 4),
(141, 'تودشک', 'تودشک', NULL, 4),
(142, 'حسن اباد', 'حسن-اباد', NULL, 4),
(143, 'زیار', 'زیار', NULL, 4),
(144, 'سجزی', 'سجزی', NULL, 4),
(145, 'قهجاورستان', 'قهجاورستان', NULL, 4),
(146, 'کوهپایه', 'کوهپایه', NULL, 4),
(147, 'محمدآباد', 'محمدآباد', NULL, 4),
(148, 'نصرآباد', 'نصرآباد', NULL, 4),
(149, 'نیک آباد', 'نیک-آباد', NULL, 4),
(150, 'ورزنه', 'ورزنه', NULL, 4),
(151, 'هرند', 'هرند', NULL, 4),
(152, 'حبیب آباد', 'حبیب-آباد', NULL, 4),
(153, 'خورزوق', 'خورزوق', NULL, 4),
(154, 'دستگرد', 'دستگرد', NULL, 4),
(155, 'دولت آباد', 'دولت-آباد', NULL, 4),
(156, 'سین', 'سین', NULL, 4),
(157, 'شاپورآباد', 'شاپورآباد', NULL, 4),
(158, 'کمشچه', 'کمشچه', NULL, 4),
(159, 'افوس', 'افوس', NULL, 4),
(160, 'بویین ومیاندشت', 'بویین-ومیاندشت', NULL, 4),
(161, 'تیران', 'تیران', NULL, 4),
(162, 'رضوانشهر', 'رضوانشهر', NULL, 4),
(163, 'عسگران', 'عسگران', NULL, 4),
(164, 'چادگان', 'چادگان', NULL, 4),
(165, 'رزوه', 'رزوه', NULL, 4),
(166, 'اصغرآباد', 'اصغرآباد', NULL, 4),
(167, 'خمینی شهر', 'خمینی-شهر', NULL, 4),
(168, 'درچه', 'درچه', NULL, 4),
(169, 'کوشک', 'کوشک', NULL, 4),
(170, 'خوانسار', 'خوانسار', NULL, 4),
(171, 'جندق', 'جندق', NULL, 4),
(172, 'خور', 'خور', NULL, 4),
(173, 'فرخی', 'فرخی', NULL, 4),
(174, 'دهاقان', 'دهاقان', NULL, 4),
(175, 'گلشن', 'گلشن', NULL, 4),
(176, 'حنا', 'حنا', NULL, 4),
(177, 'سمیرم', 'سمیرم', NULL, 4),
(178, 'کمه', 'کمه', NULL, 4),
(179, 'ونک', 'ونک', NULL, 4),
(180, 'شاهین شهر', 'شاهین-شهر', NULL, 4),
(181, 'گرگاب', 'گرگاب', NULL, 4),
(182, 'گزبرخوار', 'گزبرخوار', NULL, 4),
(183, 'لای بید', 'لای-بید', NULL, 4),
(184, 'میمه', 'میمه', NULL, 4),
(185, 'وزوان', 'وزوان', NULL, 4),
(186, 'شهرضا', 'شهرضا', NULL, 4),
(187, 'منظریه', 'منظریه', NULL, 4),
(188, 'داران', 'داران', NULL, 4),
(189, 'دامنه', 'دامنه', NULL, 4),
(190, 'برف انبار', 'برف-انبار', NULL, 4),
(191, 'فریدونشهر', 'فریدونشهر', NULL, 4),
(192, 'ابریشم', 'ابریشم', NULL, 4),
(193, 'ایمانشهر', 'ایمانشهر', NULL, 4),
(194, 'بهاران شهر', 'بهاران-شهر', NULL, 4),
(195, 'پیربکران', 'پیربکران', NULL, 4),
(196, 'زازران', 'زازران', NULL, 4),
(197, 'فلاورجان', 'فلاورجان', NULL, 4),
(198, 'قهدریجان', 'قهدریجان', NULL, 4),
(199, 'کلیشادوسودرجان', 'کلیشادوسودرجان', NULL, 4),
(200, 'برزک', 'برزک', NULL, 4),
(201, 'جوشقان قالی', 'جوشقان-قالی', NULL, 4),
(202, 'قمصر', 'قمصر', NULL, 4),
(203, 'کاشان', 'کاشان', NULL, 4),
(204, 'کامو و چوگان', 'کامو-و-چوگان', NULL, 4),
(205, 'مشکات', 'مشکات', NULL, 4),
(206, 'نیاسر', 'نیاسر', NULL, 4),
(207, 'گلپایگان', 'گلپایگان', NULL, 4),
(208, 'گلشهر', 'گلشهر', NULL, 4),
(209, 'گوگد', 'گوگد', NULL, 4),
(210, 'باغ بهادران', 'باغ-بهادران', NULL, 4),
(211, 'باغشاد', 'باغشاد', NULL, 4),
(212, 'چرمهین', 'چرمهین', NULL, 4),
(213, 'چمگردان', 'چمگردان', NULL, 4),
(214, 'زاینده رود', 'زاینده-رود', NULL, 4),
(215, 'زرین شهر', 'زرین-شهر', NULL, 4),
(216, 'سده لنجان', 'سده-لنجان', NULL, 4),
(217, 'فولادشهر', 'فولادشهر', NULL, 4),
(218, 'ورنامخواست', 'ورنامخواست', NULL, 4),
(219, 'دیزیچه', 'دیزیچه', NULL, 4),
(220, 'زیباشهر', 'زیباشهر', NULL, 4),
(221, 'طالخونچه', 'طالخونچه', NULL, 4),
(222, 'کرکوند', 'کرکوند', NULL, 4),
(223, 'مبارکه', 'مبارکه', NULL, 4),
(224, 'مجلسی', 'مجلسی', NULL, 4),
(225, 'انارک', 'انارک', NULL, 4),
(226, 'بافران', 'بافران', NULL, 4),
(227, 'نایین', 'نایین', NULL, 4),
(228, 'جوزدان', 'جوزدان', NULL, 4),
(229, 'دهق', 'دهق', NULL, 4),
(230, 'علویجه', 'علویجه', NULL, 4),
(231, 'کهریزسنگ', 'کهریزسنگ', NULL, 4),
(232, 'گلدشت', 'گلدشت', NULL, 4),
(233, 'نجف آباد', 'نجف-آباد', NULL, 4),
(234, 'بادرود', 'بادرود', NULL, 4),
(235, 'خالدآباد', 'خالدآباد', NULL, 4),
(236, 'طرق رود', 'طرق-رود', NULL, 4),
(237, 'نطنز', 'نطنز', NULL, 4),
(238, 'اشتهارد', 'اشتهارد', NULL, 5),
(239, 'چهارباغ', 'چهارباغ', NULL, 5),
(240, 'شهرجدیدهشتگرد', 'شهرجدیدهشتگرد', NULL, 5),
(241, 'کوهسار', 'کوهسار', NULL, 5),
(242, 'گلسار', 'گلسار', NULL, 5),
(243, 'هشتگرد', 'هشتگرد', NULL, 5),
(244, 'طالقان', 'طالقان', NULL, 5),
(245, 'فردیس', 'فردیس', NULL, 5),
(246, 'مشکین دشت', 'مشکین-دشت', NULL, 5),
(247, 'آسارا', 'آسارا', NULL, 5),
(248, 'کرج', 'کرج', NULL, 5),
(249, 'کمال شهر', 'کمال-شهر', NULL, 5),
(250, 'گرمدره', 'گرمدره', NULL, 5),
(251, 'ماهدشت', 'ماهدشت', NULL, 5),
(252, 'محمدشهر', 'محمدشهر', NULL, 5),
(253, 'تنکمان', 'تنکمان', NULL, 5),
(254, 'نظرآباد', 'نظرآباد', NULL, 5),
(255, 'آبدانان', 'آبدانان', NULL, 6),
(256, 'سراب باغ', 'سراب-باغ', NULL, 6),
(257, 'مورموری', 'مورموری', NULL, 6),
(258, 'ایلام', 'ایلام', NULL, 6),
(259, 'چوار', 'چوار', NULL, 6),
(260, 'ایوان', 'ایوان', NULL, 6),
(261, 'زرنه', 'زرنه', NULL, 6),
(262, 'بدره', 'بدره', NULL, 6),
(263, 'آسمان آباد', 'آسمان-آباد', NULL, 6),
(264, 'بلاوه', 'بلاوه', NULL, 6),
(265, 'توحید', 'توحید', NULL, 6),
(266, 'سرابله', 'سرابله', NULL, 6),
(267, 'شباب', 'شباب', NULL, 6),
(268, 'دره شهر', 'دره-شهر', NULL, 6),
(269, 'ماژین', 'ماژین', NULL, 6),
(270, 'پهله', 'پهله', NULL, 6),
(271, 'دهلران', 'دهلران', NULL, 6),
(272, 'موسیان', 'موسیان', NULL, 6),
(273, 'میمه', 'میمه-', NULL, 6),
(274, 'لومار', 'لومار', NULL, 6),
(275, 'ارکواز', 'ارکواز', NULL, 6),
(276, 'دلگشا', 'دلگشا', NULL, 6),
(277, 'مهر', 'مهر', NULL, 6),
(278, 'صالح آباد', 'صالح-آباد', NULL, 6),
(279, 'مهران', 'مهران', NULL, 6),
(280, 'بوشهر', 'بوشهر', NULL, 7),
(281, 'چغادک', 'چغادک', NULL, 7),
(282, 'خارک', 'خارک', NULL, 7),
(283, 'عالی شهر', 'عالی-شهر', NULL, 7),
(284, 'آباد', 'آباد', NULL, 7),
(285, 'اهرم', 'اهرم', NULL, 7),
(286, 'دلوار', 'دلوار', NULL, 7),
(287, 'انارستان', 'انارستان', NULL, 7),
(288, 'جم', 'جم', NULL, 7),
(289, 'ریز', 'ریز', NULL, 7),
(290, 'آب پخش', 'آب-پخش', NULL, 7),
(291, 'برازجان', 'برازجان', NULL, 7),
(292, 'بوشکان', 'بوشکان', NULL, 7),
(293, 'تنگ ارم', 'تنگ-ارم', NULL, 7),
(294, 'دالکی', 'دالکی', NULL, 7),
(295, 'سعد آباد', 'سعد-آباد', NULL, 7),
(296, 'شبانکاره', 'شبانکاره', NULL, 7),
(297, 'کلمه', 'کلمه', NULL, 7),
(298, 'وحدتیه', 'وحدتیه', NULL, 7),
(299, 'بادوله', 'بادوله', NULL, 7),
(300, 'خورموج', 'خورموج', NULL, 7),
(301, 'شنبه', 'شنبه', NULL, 7),
(302, 'کاکی', 'کاکی', NULL, 7),
(303, 'آبدان', 'آبدان', NULL, 7),
(304, 'بردخون', 'بردخون', NULL, 7),
(305, 'بردستان', 'بردستان', NULL, 7),
(306, 'بندردیر', 'بندردیر', NULL, 7),
(307, 'دوراهک', 'دوراهک', NULL, 7),
(308, 'امام حسن', 'امام-حسن', NULL, 7),
(309, 'بندردیلم', 'بندردیلم', NULL, 7),
(310, 'عسلویه', 'عسلویه', NULL, 7),
(311, 'نخل تقی', 'نخل-تقی', NULL, 7),
(312, 'بندرکنگان', 'بندرکنگان', NULL, 7),
(313, 'بنک', 'بنک', NULL, 7),
(314, 'سیراف', 'سیراف', NULL, 7),
(315, 'بندرریگ', 'بندرریگ', NULL, 7),
(316, 'بندرگناوه', 'بندرگناوه', NULL, 7),
(317, 'احمد آباد مستوفی', 'احمد-آباد-مستوفی', NULL, 8),
(318, 'اسلامشهر', 'اسلامشهر', NULL, 8),
(319, 'چهاردانگه', 'چهاردانگه', NULL, 8),
(320, 'صالحیه', 'صالحیه', NULL, 8),
(321, 'گلستان', 'گلستان', NULL, 8),
(322, 'نسیم شهر', 'نسیم-شهر', NULL, 8),
(323, 'پاکدشت', 'پاکدشت', NULL, 8),
(324, 'شریف آباد', 'شریف-آباد', NULL, 8),
(325, 'فرون اباد', 'فرون-اباد', NULL, 8),
(326, 'بومهن', 'بومهن', NULL, 8),
(327, 'پردیس', 'پردیس', NULL, 8),
(328, 'پیشوا', 'پیشوا', NULL, 8),
(329, 'تهران', 'تهران', NULL, 8),
(330, 'آبسرد', 'آبسرد', NULL, 8),
(331, 'آبعلی', 'آبعلی', NULL, 8),
(332, 'دماوند', 'دماوند', NULL, 8),
(333, 'رودهن', 'رودهن', NULL, 8),
(334, 'کیلان', 'کیلان', NULL, 8),
(335, 'پرند', 'پرند', NULL, 8),
(336, 'رباطکریم', 'رباطکریم', NULL, 8),
(337, 'نصیرشهر', 'نصیرشهر', NULL, 8),
(338, 'باقرشهر', 'باقرشهر', NULL, 8),
(339, 'حسن آباد', 'حسن-آباد', NULL, 8),
(340, 'ری', 'ری', NULL, 8),
(341, 'کهریزک', 'کهریزک', NULL, 8),
(342, 'تجریش', 'تجریش', NULL, 8),
(343, 'شمشک', 'شمشک', NULL, 8),
(344, 'فشم', 'فشم', NULL, 8),
(345, 'لواسان', 'لواسان', NULL, 8),
(346, 'اندیشه', 'اندیشه', NULL, 8),
(347, 'باغستان', 'باغستان', NULL, 8),
(348, 'شاهدشهر', 'شاهدشهر', NULL, 8),
(349, 'شهریار', 'شهریار', NULL, 8),
(350, 'صباشهر', 'صباشهر', NULL, 8),
(351, 'فردوسیه', 'فردوسیه', NULL, 8),
(352, 'وحیدیه', 'وحیدیه', NULL, 8),
(353, 'ارجمند', 'ارجمند', NULL, 8),
(354, 'فیروزکوه', 'فیروزکوه', NULL, 8),
(355, 'قدس', 'قدس', NULL, 8),
(356, 'قرچک', 'قرچک', NULL, 8),
(357, 'صفادشت', 'صفادشت', NULL, 8),
(358, 'ملارد', 'ملارد', NULL, 8),
(359, 'جوادآباد', 'جوادآباد', NULL, 8),
(360, 'ورامین', 'ورامین', NULL, 8),
(361, 'اردل', 'اردل', NULL, 9),
(362, 'دشتک', 'دشتک', NULL, 9),
(363, 'سرخون', 'سرخون', NULL, 9),
(364, 'کاج', 'کاج', NULL, 9),
(365, 'بروجن', 'بروجن', NULL, 9),
(366, 'بلداجی', 'بلداجی', NULL, 9),
(367, 'سفیددشت', 'سفیددشت', NULL, 9),
(368, 'فرادبنه', 'فرادبنه', NULL, 9),
(369, 'گندمان', 'گندمان', NULL, 9),
(370, 'نقنه', 'نقنه', NULL, 9),
(371, 'بن', 'بن', NULL, 9),
(372, 'وردنجان', 'وردنجان', NULL, 9),
(373, 'سامان', 'سامان', NULL, 9),
(374, 'سودجان', 'سودجان', NULL, 9),
(375, 'سورشجان', 'سورشجان', NULL, 9),
(376, 'شهرکرد', 'شهرکرد', NULL, 9),
(377, 'طاقانک', 'طاقانک', NULL, 9),
(378, 'فرخ شهر', 'فرخ-شهر', NULL, 9),
(379, 'کیان', 'کیان', NULL, 9),
(380, 'نافچ', 'نافچ', NULL, 9),
(381, 'هارونی', 'هارونی', NULL, 9),
(382, 'هفشجان', 'هفشجان', NULL, 9),
(383, 'باباحیدر', 'باباحیدر', NULL, 9),
(384, 'پردنجان', 'پردنجان', NULL, 9),
(385, 'جونقان', 'جونقان', NULL, 9),
(386, 'چلیچه', 'چلیچه', NULL, 9),
(387, 'فارسان', 'فارسان', NULL, 9),
(388, 'گوجان', 'گوجان', NULL, 9),
(389, 'بازفت', 'بازفت', NULL, 9),
(390, 'چلگرد', 'چلگرد', NULL, 9),
(391, 'صمصامی', 'صمصامی', NULL, 9),
(392, 'دستنا', 'دستنا', NULL, 9),
(393, 'شلمزار', 'شلمزار', NULL, 9),
(394, 'گهرو', 'گهرو', NULL, 9),
(395, 'ناغان', 'ناغان', NULL, 9),
(396, 'آلونی', 'آلونی', NULL, 9),
(397, 'سردشت', 'سردشت-', NULL, 9),
(398, 'لردگان', 'لردگان', NULL, 9),
(399, 'مال خلیفه', 'مال-خلیفه', NULL, 9),
(400, 'منج', 'منج', NULL, 9),
(401, 'ارسک', 'ارسک', NULL, 10),
(402, 'بشرویه', 'بشرویه', NULL, 10),
(403, 'بیرجند', 'بیرجند', NULL, 10),
(404, 'خوسف', 'خوسف', NULL, 10),
(405, 'محمدشهر', 'محمدشهر-', NULL, 10),
(406, 'اسدیه', 'اسدیه', NULL, 10),
(407, 'طبس مسینا', 'طبس-مسینا', NULL, 10),
(408, 'قهستان', 'قهستان', NULL, 10),
(409, 'گزیک', 'گزیک', NULL, 10),
(410, 'حاجی آباد', 'حاجی-آباد', NULL, 10),
(411, 'زهان', 'زهان', NULL, 10),
(412, 'آیسک', 'آیسک', NULL, 10),
(413, 'سرایان', 'سرایان', NULL, 10),
(414, 'سه قلعه', 'سه-قلعه', NULL, 10),
(415, 'سربیشه', 'سربیشه', NULL, 10),
(416, 'مود', 'مود', NULL, 10),
(417, 'دیهوک', 'دیهوک', NULL, 10),
(418, 'طبس', 'طبس', NULL, 10),
(419, 'عشق آباد', 'عشق-آباد', NULL, 10),
(420, 'اسلامیه', 'اسلامیه', NULL, 10),
(421, 'فردوس', 'فردوس', NULL, 10),
(422, 'آرین شهر', 'آرین-شهر', NULL, 10),
(423, 'اسفدن', 'اسفدن', NULL, 10),
(424, 'خضری دشت بیاض', 'خضری-دشت-بیاض', NULL, 10),
(425, 'قاین', 'قاین', NULL, 10),
(426, 'نیمبلوک', 'نیمبلوک', NULL, 10),
(427, 'شوسف', 'شوسف', NULL, 10),
(428, 'نهبندان', 'نهبندان', NULL, 10),
(429, 'باخرز', 'باخرز', NULL, 11),
(430, 'بجستان', 'بجستان', NULL, 11),
(431, 'یونسی', 'یونسی', NULL, 11),
(432, 'انابد', 'انابد', NULL, 11),
(433, 'بردسکن', 'بردسکن', NULL, 11),
(434, 'شهراباد', 'شهراباد', NULL, 11),
(435, 'شاندیز', 'شاندیز', NULL, 11),
(436, 'طرقبه', 'طرقبه', NULL, 11),
(437, 'تایباد', 'تایباد', NULL, 11),
(438, 'کاریز', 'کاریز', NULL, 11),
(439, 'مشهدریزه', 'مشهدریزه', NULL, 11),
(440, 'احمدابادصولت', 'احمدابادصولت', NULL, 11),
(441, 'تربت جام', 'تربت-جام', NULL, 11),
(442, 'صالح آباد', 'صالح-آباد-', NULL, 11),
(443, 'نصرآباد', 'نصرآباد-', NULL, 11),
(444, 'نیل شهر', 'نیل-شهر', NULL, 11),
(445, 'بایک', 'بایک', NULL, 11),
(446, 'تربت حیدریه', 'تربت-حیدریه', NULL, 11),
(447, 'رباط سنگ', 'رباط-سنگ', NULL, 11),
(448, 'کدکن', 'کدکن', NULL, 11),
(449, 'جغتای', 'جغتای', NULL, 11),
(450, 'نقاب', 'نقاب', NULL, 11),
(451, 'چناران', 'چناران', NULL, 11),
(452, 'گلبهار', 'گلبهار', NULL, 11),
(453, 'گلمکان', 'گلمکان', NULL, 11),
(454, 'خلیل آباد', 'خلیل-آباد', NULL, 11),
(455, 'کندر', 'کندر', NULL, 11),
(456, 'خواف', 'خواف', NULL, 11),
(457, 'سلامی', 'سلامی', NULL, 11),
(458, 'سنگان', 'سنگان', NULL, 11),
(459, 'قاسم آباد', 'قاسم-آباد', NULL, 11),
(460, 'نشتیفان', 'نشتیفان', NULL, 11),
(461, 'سلطان آباد', 'سلطان-آباد', NULL, 11),
(462, 'داورزن', 'داورزن', NULL, 11),
(463, 'چاپشلو', 'چاپشلو', NULL, 11),
(464, 'درگز', 'درگز', NULL, 11),
(465, 'لطف آباد', 'لطف-آباد', NULL, 11),
(466, 'نوخندان', 'نوخندان', NULL, 11),
(467, 'جنگل', 'جنگل', NULL, 11),
(468, 'رشتخوار', 'رشتخوار', NULL, 11),
(469, 'دولت آباد', 'دولت-آباد-', NULL, 11),
(470, 'روداب', 'روداب', NULL, 11),
(471, 'سبزوار', 'سبزوار', NULL, 11),
(472, 'ششتمد', 'ششتمد', NULL, 11),
(473, 'سرخس', 'سرخس', NULL, 11),
(474, 'مزدآوند', 'مزدآوند', NULL, 11),
(475, 'سفیدسنگ', 'سفیدسنگ', NULL, 11),
(476, 'فرهادگرد', 'فرهادگرد', NULL, 11),
(477, 'فریمان', 'فریمان', NULL, 11),
(478, 'قلندرآباد', 'قلندرآباد', NULL, 11),
(479, 'فیروزه', 'فیروزه', NULL, 11),
(480, 'همت آباد', 'همت-آباد', NULL, 11),
(481, 'باجگیران', 'باجگیران', NULL, 11),
(482, 'قوچان', 'قوچان', NULL, 11),
(483, 'ریوش', 'ریوش', NULL, 11),
(484, 'کاشمر', 'کاشمر', NULL, 11),
(485, 'شهرزو', 'شهرزو', NULL, 11),
(486, 'کلات', 'کلات', NULL, 11),
(487, 'بیدخت', 'بیدخت', NULL, 11),
(488, 'کاخک', 'کاخک', NULL, 11),
(489, 'گناباد', 'گناباد', NULL, 11),
(490, 'رضویه', 'رضویه', NULL, 11),
(491, 'مشهد', 'مشهد', NULL, 11),
(492, 'مشهد ثامن', 'مشهد-ثامن', NULL, 11),
(493, 'ملک آباد', 'ملک-آباد', NULL, 11),
(494, 'شادمهر', 'شادمهر', NULL, 11),
(495, 'فیض آباد', 'فیض-آباد', NULL, 11),
(496, 'بار', 'بار', NULL, 11),
(497, 'چکنه', 'چکنه', NULL, 11),
(498, 'خرو', 'خرو', NULL, 11),
(499, 'درود', 'درود', NULL, 11),
(500, 'عشق آباد', 'عشق-آباد-', NULL, 11),
(501, 'قدمگاه', 'قدمگاه', NULL, 11),
(502, 'نیشابور', 'نیشابور', NULL, 11),
(503, 'اسفراین', 'اسفراین', NULL, 12),
(504, 'صفی آباد', 'صفی-آباد', NULL, 12),
(505, 'بجنورد', 'بجنورد', NULL, 12),
(506, 'چناران شهر', 'چناران-شهر', NULL, 12),
(507, 'حصارگرمخان', 'حصارگرمخان', NULL, 12),
(508, 'جاجرم', 'جاجرم', NULL, 12),
(509, 'سنخواست', 'سنخواست', NULL, 12),
(510, 'شوقان', 'شوقان', NULL, 12),
(511, 'راز', 'راز', NULL, 12),
(512, 'زیارت', 'زیارت', NULL, 12),
(513, 'شیروان', 'شیروان', NULL, 12),
(514, 'قوشخانه', 'قوشخانه', NULL, 12),
(515, 'لوجلی', 'لوجلی', NULL, 12),
(516, 'تیتکانلو', 'تیتکانلو', NULL, 12),
(517, 'فاروج', 'فاروج', NULL, 12),
(518, 'ایور', 'ایور', NULL, 12),
(519, 'درق', 'درق', NULL, 12),
(520, 'گرمه', 'گرمه', NULL, 12),
(521, 'آشخانه', 'آشخانه', NULL, 12),
(522, 'آوا', 'آوا', NULL, 12),
(523, 'پیش قلعه', 'پیش-قلعه', NULL, 12),
(524, 'قاضی', 'قاضی', NULL, 12),
(525, 'آبادان', 'آبادان', NULL, 13),
(526, 'اروندکنار', 'اروندکنار', NULL, 13),
(527, 'چویبده', 'چویبده', NULL, 13),
(528, 'آغاجاری', 'آغاجاری', NULL, 13),
(529, 'امیدیه', 'امیدیه', NULL, 13),
(530, 'جایزان', 'جایزان', NULL, 13),
(531, 'آبژدان', 'آبژدان', NULL, 13),
(532, 'قلعه خواجه', 'قلعه-خواجه', NULL, 13),
(533, 'آزادی', 'آزادی', NULL, 13),
(534, 'اندیمشک', 'اندیمشک', NULL, 13),
(535, 'بیدروبه', 'بیدروبه', NULL, 13),
(536, 'چم گلک', 'چم-گلک', NULL, 13),
(537, 'حسینیه', 'حسینیه', NULL, 13),
(538, 'الهایی', 'الهایی', NULL, 13),
(539, 'اهواز', 'اهواز', NULL, 13),
(540, 'ایذه', 'ایذه', NULL, 13),
(541, 'دهدز', 'دهدز', NULL, 13),
(542, 'باغ ملک', 'باغ-ملک', NULL, 13),
(543, 'صیدون', 'صیدون', NULL, 13),
(544, 'قلعه تل', 'قلعه-تل', NULL, 13),
(545, 'میداود', 'میداود', NULL, 13),
(546, 'شیبان', 'شیبان', NULL, 13),
(547, 'ملاثانی', 'ملاثانی', NULL, 13),
(548, 'ویس', 'ویس', NULL, 13),
(549, 'بندرامام خمینی', 'بندرامام-خمینی', NULL, 13),
(550, 'بندرماهشهر', 'بندرماهشهر', NULL, 13),
(551, 'چمران', 'چمران', NULL, 13),
(552, 'بهبهان', 'بهبهان', NULL, 13),
(553, 'تشان', 'تشان', NULL, 13),
(554, 'سردشت', 'سردشت--', NULL, 13),
(555, 'منصوریه', 'منصوریه', NULL, 13),
(556, 'حمیدیه', 'حمیدیه', NULL, 13),
(557, 'خرمشهر', 'خرمشهر', NULL, 13),
(558, 'مقاومت', 'مقاومت', NULL, 13),
(559, 'مینوشهر', 'مینوشهر', NULL, 13),
(560, 'چغامیش', 'چغامیش', NULL, 13),
(561, 'حمزه', 'حمزه', NULL, 13),
(562, 'دزفول', 'دزفول', NULL, 13),
(563, 'سالند', 'سالند', NULL, 13),
(564, 'سیاه منصور', 'سیاه-منصور', NULL, 13),
(565, 'شمس آباد', 'شمس-آباد', NULL, 13),
(566, 'شهر امام', 'شهر-امام', NULL, 13),
(567, 'صفی آباد', 'صفی-آباد-', NULL, 13),
(568, 'میانرود', 'میانرود', NULL, 13),
(569, 'ابوحمیظه', 'ابوحمیظه', NULL, 13),
(570, 'بستان', 'بستان', NULL, 13),
(571, 'سوسنگرد', 'سوسنگرد', NULL, 13),
(572, 'کوت سیدنعیم', 'کوت-سیدنعیم', NULL, 13),
(573, 'رامشیر', 'رامشیر', NULL, 13),
(574, 'مشراگه', 'مشراگه', NULL, 13),
(575, 'رامهرمز', 'رامهرمز', NULL, 13),
(576, 'خنافره', 'خنافره', NULL, 13),
(577, 'دارخوین', 'دارخوین', NULL, 13),
(578, 'شادگان', 'شادگان', NULL, 13),
(579, 'الوان', 'الوان', NULL, 13),
(580, 'حر', 'حر', NULL, 13),
(581, 'شاوور', 'شاوور', NULL, 13),
(582, 'شوش', 'شوش', NULL, 13),
(583, 'فتح المبین', 'فتح-المبین', NULL, 13),
(584, 'سرداران', 'سرداران', NULL, 13),
(585, 'شرافت', 'شرافت', NULL, 13),
(586, 'شوشتر', 'شوشتر', NULL, 13),
(587, 'گوریه', 'گوریه', NULL, 13),
(588, 'کوت عبداله', 'کوت-عبداله', NULL, 13),
(589, 'ترکالکی', 'ترکالکی', NULL, 13),
(590, 'جنت مکان', 'جنت-مکان', NULL, 13),
(591, 'سماله', 'سماله', NULL, 13),
(592, 'صالح شهر', 'صالح-شهر', NULL, 13),
(593, 'گتوند', 'گتوند', NULL, 13),
(594, 'لالی', 'لالی', NULL, 13),
(595, 'گلگیر', 'گلگیر', NULL, 13),
(596, 'مسجدسلیمان', 'مسجدسلیمان', NULL, 13),
(597, 'هفتگل', 'هفتگل', NULL, 13),
(598, 'زهره', 'زهره', NULL, 13),
(599, 'هندیجان', 'هندیجان', NULL, 13),
(600, 'رفیع', 'رفیع', NULL, 13),
(601, 'هویزه', 'هویزه', NULL, 13),
(602, 'ابهر', 'ابهر', NULL, 14),
(603, 'صایین قلعه', 'صایین-قلعه', NULL, 14),
(604, 'هیدج', 'هیدج', NULL, 14),
(605, 'حلب', 'حلب', NULL, 14),
(606, 'زرین آباد', 'زرین-آباد', NULL, 14),
(607, 'زرین رود', 'زرین-رود', NULL, 14),
(608, 'سجاس', 'سجاس', NULL, 14),
(609, 'سهرورد', 'سهرورد', NULL, 14),
(610, 'قیدار', 'قیدار', NULL, 14),
(611, 'کرسف', 'کرسف', NULL, 14),
(612, 'گرماب', 'گرماب', NULL, 14),
(613, 'نوربهار', 'نوربهار', NULL, 14),
(614, 'خرمدره', 'خرمدره', NULL, 14),
(615, 'ارمغانخانه', 'ارمغانخانه', NULL, 14),
(616, 'زنجان', 'زنجان', NULL, 14),
(617, 'نیک پی', 'نیک-پی', NULL, 14),
(618, 'سلطانیه', 'سلطانیه', NULL, 14),
(619, 'آب بر', 'آب-بر', NULL, 14),
(620, 'چورزق', 'چورزق', NULL, 14),
(621, 'دندی', 'دندی', NULL, 14),
(622, 'ماه نشان', 'ماه-نشان', NULL, 14),
(623, 'آرادان', 'آرادان', NULL, 15),
(624, 'کهن آباد', 'کهن-آباد', NULL, 15),
(625, 'امیریه', 'امیریه', NULL, 15),
(626, 'دامغان', 'دامغان', NULL, 15),
(627, 'دیباج', 'دیباج', NULL, 15),
(628, 'کلاته', 'کلاته', NULL, 15),
(629, 'سرخه', 'سرخه', NULL, 15),
(630, 'سمنان', 'سمنان', NULL, 15),
(631, 'بسطام', 'بسطام', NULL, 15),
(632, 'بیارجمند', 'بیارجمند', NULL, 15),
(633, 'رودیان', 'رودیان', NULL, 15),
(634, 'شاهرود', 'شاهرود', NULL, 15),
(635, 'کلاته خیج', 'کلاته-خیج', NULL, 15),
(636, 'مجن', 'مجن', NULL, 15),
(637, 'ایوانکی', 'ایوانکی', NULL, 15),
(638, 'گرمسار', 'گرمسار', NULL, 15),
(639, 'درجزین', 'درجزین', NULL, 15),
(640, 'شهمیرزاد', 'شهمیرزاد', NULL, 15),
(641, 'مهدی شهر', 'مهدی-شهر', NULL, 15),
(642, 'میامی', 'میامی', NULL, 15),
(643, 'ایرانشهر', 'ایرانشهر', NULL, 16),
(644, 'بزمان', 'بزمان', NULL, 16),
(645, 'بمپور', 'بمپور', NULL, 16),
(646, 'محمدان', 'محمدان', NULL, 16),
(647, 'چابهار', 'چابهار', NULL, 16),
(648, 'نگور', 'نگور', NULL, 16),
(649, 'خاش', 'خاش', NULL, 16),
(650, 'نوک آباد', 'نوک-آباد', NULL, 16),
(651, 'گلمورتی', 'گلمورتی', NULL, 16),
(652, 'بنجار', 'بنجار', NULL, 16),
(653, 'زابل', 'زابل', NULL, 16),
(654, 'زاهدان', 'زاهدان', NULL, 16),
(655, 'نصرت آباد', 'نصرت-آباد', NULL, 16),
(656, 'زهک', 'زهک', NULL, 16),
(657, 'جالق', 'جالق', NULL, 16),
(658, 'سراوان', 'سراوان', NULL, 16),
(659, 'سیرکان', 'سیرکان', NULL, 16),
(660, 'گشت', 'گشت', NULL, 16),
(661, 'محمدی', 'محمدی', NULL, 16),
(662, 'پیشین', 'پیشین', NULL, 16),
(663, 'راسک', 'راسک', NULL, 16),
(664, 'سرباز', 'سرباز', NULL, 16),
(665, 'سوران', 'سوران', NULL, 16),
(666, 'هیدوچ', 'هیدوچ', NULL, 16),
(667, 'فنوج', 'فنوج', NULL, 16),
(668, 'قصرقند', 'قصرقند', NULL, 16),
(669, 'زرآباد', 'زرآباد-', NULL, 16),
(670, 'کنارک', 'کنارک', NULL, 16),
(671, 'مهرستان', 'مهرستان', NULL, 16),
(672, 'میرجاوه', 'میرجاوه', NULL, 16),
(673, 'اسپکه', 'اسپکه', NULL, 16),
(674, 'بنت', 'بنت', NULL, 16),
(675, 'نیک شهر', 'نیک-شهر', NULL, 16),
(676, 'ادیمی', 'ادیمی', NULL, 16),
(677, 'شهرک علی اکبر', 'شهرک-علی-اکبر', NULL, 16),
(678, 'محمدآباد', 'محمدآباد-', NULL, 16),
(679, 'دوست محمد', 'دوست-محمد', NULL, 16),
(680, 'آباده', 'آباده', NULL, 17),
(681, 'ایزدخواست', 'ایزدخواست', NULL, 17),
(682, 'بهمن', 'بهمن', NULL, 17),
(683, 'سورمق', 'سورمق', NULL, 17),
(684, 'صغاد', 'صغاد', NULL, 17),
(685, 'ارسنجان', 'ارسنجان', NULL, 17),
(686, 'استهبان', 'استهبان', NULL, 17),
(687, 'ایج', 'ایج', NULL, 17),
(688, 'رونیز', 'رونیز', NULL, 17),
(689, 'اقلید', 'اقلید', NULL, 17),
(690, 'حسن اباد', 'حسن-اباد-', NULL, 17),
(691, 'دژکرد', 'دژکرد', NULL, 17),
(692, 'سده', 'سده', NULL, 17),
(693, 'بوانات', 'بوانات', NULL, 17),
(694, 'حسامی', 'حسامی', NULL, 17),
(695, 'کره ای', 'کره-ای', NULL, 17),
(696, 'مزایجان', 'مزایجان', NULL, 17),
(697, 'سعادت شهر', 'سعادت-شهر', NULL, 17),
(698, 'مادرسلیمان', 'مادرسلیمان', NULL, 17),
(699, 'باب انار', 'باب-انار', NULL, 17),
(700, 'جهرم', 'جهرم', NULL, 17),
(701, 'خاوران', 'خاوران', NULL, 17),
(702, 'دوزه', 'دوزه', NULL, 17),
(703, 'قطب آباد', 'قطب-آباد', NULL, 17),
(704, 'خرامه', 'خرامه', NULL, 17),
(705, 'سلطان شهر', 'سلطان-شهر', NULL, 17),
(706, 'صفاشهر', 'صفاشهر', NULL, 17),
(707, 'قادراباد', 'قادراباد', NULL, 17),
(708, 'خنج', 'خنج', NULL, 17),
(709, 'جنت شهر', 'جنت-شهر', NULL, 17),
(710, 'داراب', 'داراب', NULL, 17),
(711, 'دوبرجی', 'دوبرجی', NULL, 17),
(712, 'فدامی', 'فدامی', NULL, 17),
(713, 'کوپن', 'کوپن', NULL, 17),
(714, 'مصیری', 'مصیری', NULL, 17),
(715, 'حاجی آباد', 'حاجی-آباد-', NULL, 17),
(716, 'دبیران', 'دبیران', NULL, 17),
(717, 'شهرپیر', 'شهرپیر', NULL, 17),
(718, 'اردکان', 'اردکان', NULL, 17),
(719, 'بیضا', 'بیضا', NULL, 17),
(720, 'هماشهر', 'هماشهر', NULL, 17),
(721, 'سروستان', 'سروستان', NULL, 17),
(722, 'کوهنجان', 'کوهنجان', NULL, 17),
(723, 'خانه زنیان', 'خانه-زنیان', NULL, 17),
(724, 'داریان', 'داریان', NULL, 17),
(725, 'زرقان', 'زرقان', NULL, 17),
(726, 'شهرصدرا', 'شهرصدرا', NULL, 17),
(727, 'شیراز', 'شیراز', NULL, 17),
(728, 'لپویی', 'لپویی', NULL, 17),
(729, 'دهرم', 'دهرم', NULL, 17),
(730, 'فراشبند', 'فراشبند', NULL, 17),
(731, 'نوجین', 'نوجین', NULL, 17),
(732, 'زاهدشهر', 'زاهدشهر', NULL, 17),
(733, 'ششده', 'ششده', NULL, 17),
(734, 'فسا', 'فسا', NULL, 17),
(735, 'قره بلاغ', 'قره-بلاغ', NULL, 17),
(736, 'میانشهر', 'میانشهر', NULL, 17),
(737, 'نوبندگان', 'نوبندگان', NULL, 17),
(738, 'فیروزآباد', 'فیروزآباد', NULL, 17),
(739, 'میمند', 'میمند', NULL, 17),
(740, 'افزر', 'افزر', NULL, 17),
(741, 'امام شهر', 'امام-شهر', NULL, 17),
(742, 'قیر', 'قیر', NULL, 17),
(743, 'کارزین (فتح آباد)', 'کارزین-فتح-آباد-', NULL, 17),
(744, 'مبارک آباددیز', 'مبارک-آباددیز', NULL, 17),
(745, 'بالاده', 'بالاده', NULL, 17),
(746, 'خشت', 'خشت', NULL, 17),
(747, 'قایمیه', 'قایمیه', NULL, 17),
(748, 'کازرون', 'کازرون', NULL, 17),
(749, 'کنارتخته', 'کنارتخته', NULL, 17),
(750, 'نودان', 'نودان', NULL, 17),
(751, 'کوار', 'کوار', NULL, 17),
(752, 'گراش', 'گراش', NULL, 17),
(753, 'اوز', 'اوز', NULL, 17),
(754, 'بنارویه', 'بنارویه', NULL, 17),
(755, 'بیرم', 'بیرم', NULL, 17),
(756, 'جویم', 'جویم', NULL, 17),
(757, 'خور', 'خور-', NULL, 17),
(758, 'عمادده', 'عمادده', NULL, 17),
(759, 'لار', 'لار', NULL, 17),
(760, 'لطیفی', 'لطیفی', NULL, 17),
(761, 'اشکنان', 'اشکنان', NULL, 17),
(762, 'اهل', 'اهل', NULL, 17),
(763, 'علامرودشت', 'علامرودشت', NULL, 17),
(764, 'لامرد', 'لامرد', NULL, 17),
(765, 'خانیمن', 'خانیمن', NULL, 17),
(766, 'رامجرد', 'رامجرد', NULL, 17),
(767, 'سیدان', 'سیدان', NULL, 17),
(768, 'کامفیروز', 'کامفیروز', NULL, 17),
(769, 'مرودشت', 'مرودشت', NULL, 17),
(770, 'بابامنیر', 'بابامنیر', NULL, 17),
(771, 'خومه زار', 'خومه-زار', NULL, 17),
(772, 'نورآباد', 'نورآباد', NULL, 17),
(773, 'اسیر', 'اسیر', NULL, 17),
(774, 'خوزی', 'خوزی', NULL, 17),
(775, 'گله دار', 'گله-دار', NULL, 17),
(776, 'مهر', 'مهر-', NULL, 17),
(777, 'وراوی', 'وراوی', NULL, 17),
(778, 'آباده طشک', 'آباده-طشک', NULL, 17),
(779, 'قطرویه', 'قطرویه', NULL, 17),
(780, 'مشکان', 'مشکان', NULL, 17),
(781, 'نی ریز', 'نی-ریز', NULL, 17),
(782, 'آبیک', 'آبیک', NULL, 18),
(783, 'خاکعلی', 'خاکعلی', NULL, 18),
(784, 'آبگرم', 'آبگرم', NULL, 18),
(785, 'آوج', 'آوج', NULL, 18),
(786, 'الوند', 'الوند', NULL, 18),
(787, 'بیدستان', 'بیدستان', NULL, 18),
(788, 'شریفیه', 'شریفیه', NULL, 18),
(789, 'محمدیه', 'محمدیه', NULL, 18),
(790, 'ارداق', 'ارداق', NULL, 18),
(791, 'بویین زهرا', 'بویین-زهرا', NULL, 18),
(792, 'دانسفهان', 'دانسفهان', NULL, 18),
(793, 'سگزآباد', 'سگزآباد', NULL, 18),
(794, 'شال', 'شال', NULL, 18),
(795, 'اسفرورین', 'اسفرورین', NULL, 18),
(796, 'تاکستان', 'تاکستان', NULL, 18),
(797, 'خرمدشت', 'خرمدشت', NULL, 18),
(798, 'ضیاڈآباد', 'ضیا-آباد', NULL, 18),
(799, 'نرجه', 'نرجه', NULL, 18),
(800, 'اقبالیه', 'اقبالیه', NULL, 18),
(801, 'رازمیان', 'رازمیان', NULL, 18),
(802, 'سیردان', 'سیردان', NULL, 18),
(803, 'قزوین', 'قزوین', NULL, 18),
(804, 'کوهین', 'کوهین', NULL, 18),
(805, 'محمودآبادنمونه', 'محمودآبادنمونه', NULL, 18),
(806, 'معلم کلایه', 'معلم-کلایه', NULL, 18),
(807, 'جعفریه', 'جعفریه', NULL, 19),
(808, 'دستجرد', 'دستجرد', NULL, 19),
(809, 'سلفچگان', 'سلفچگان', NULL, 19),
(810, 'قم', 'قم', NULL, 19),
(811, 'قنوات', 'قنوات', NULL, 19),
(812, 'کهک', 'کهک', NULL, 19),
(813, 'آرمرده', 'آرمرده', NULL, 20),
(814, 'بانه', 'بانه', NULL, 20),
(815, 'بویین سفلی', 'بویین-سفلی', NULL, 20),
(816, 'کانی سور', 'کانی-سور', NULL, 20),
(817, 'بابارشانی', 'بابارشانی', NULL, 20),
(818, 'بیجار', 'بیجار', NULL, 20),
(819, 'پیرتاج', 'پیرتاج', NULL, 20),
(820, 'توپ آغاج', 'توپ-آغاج', NULL, 20),
(821, 'یاسوکند', 'یاسوکند', NULL, 20),
(822, 'بلبان آباد', 'بلبان-آباد', NULL, 20),
(823, 'دهگلان', 'دهگلان', NULL, 20),
(824, 'دیواندره', 'دیواندره', NULL, 20),
(825, 'زرینه', 'زرینه', NULL, 20),
(826, 'اورامان تخت', 'اورامان-تخت', NULL, 20),
(827, 'سروآباد', 'سروآباد', NULL, 20),
(828, 'سقز', 'سقز', NULL, 20),
(829, 'صاحب', 'صاحب', NULL, 20),
(830, 'سنندج', 'سنندج', NULL, 20),
(831, 'شویشه', 'شویشه', NULL, 20),
(832, 'دزج', 'دزج', NULL, 20),
(833, 'دلبران', 'دلبران', NULL, 20),
(834, 'سریش آباد', 'سریش-آباد', NULL, 20),
(835, 'قروه', 'قروه', NULL, 20),
(836, 'کامیاران', 'کامیاران', NULL, 20),
(837, 'موچش', 'موچش', NULL, 20),
(838, 'برده رشه', 'برده-رشه', NULL, 20),
(839, 'چناره', 'چناره', NULL, 20),
(840, 'کانی دینار', 'کانی-دینار', NULL, 20),
(841, 'مریوان', 'مریوان', NULL, 20),
(842, 'ارزوییه', 'ارزوییه', NULL, 21),
(843, 'امین شهر', 'امین-شهر', NULL, 21),
(844, 'انار', 'انار', NULL, 21),
(845, 'بافت', 'بافت', NULL, 21),
(846, 'بزنجان', 'بزنجان', NULL, 21),
(847, 'بردسیر', 'بردسیر', NULL, 21),
(848, 'دشتکار', 'دشتکار', NULL, 21),
(849, 'گلزار', 'گلزار', NULL, 21),
(850, 'لاله زار', 'لاله-زار', NULL, 21),
(851, 'نگار', 'نگار', NULL, 21),
(852, 'بروات', 'بروات', NULL, 21),
(853, 'بم', 'بم', NULL, 21),
(854, 'بلوک', 'بلوک', NULL, 21),
(855, 'جبالبارز', 'جبالبارز', NULL, 21),
(856, 'جیرفت', 'جیرفت', NULL, 21),
(857, 'درب بهشت', 'درب-بهشت', NULL, 21),
(858, 'رابر', 'رابر', NULL, 21),
(859, 'هنزا', 'هنزا', NULL, 21),
(860, 'راور', 'راور', NULL, 21),
(861, 'هجدک', 'هجدک', NULL, 21),
(862, 'بهرمان', 'بهرمان', NULL, 21),
(863, 'رفسنجان', 'رفسنجان', NULL, 21),
(864, 'صفاییه', 'صفاییه', NULL, 21),
(865, 'کشکوییه', 'کشکوییه', NULL, 21),
(866, 'مس سرچشمه', 'مس-سرچشمه', NULL, 21),
(867, 'رودبار', 'رودبار', NULL, 21),
(868, 'زهکلوت', 'زهکلوت', NULL, 21),
(869, 'گنبکی', 'گنبکی', NULL, 21),
(870, 'محمدآباد', 'محمدآباد--', NULL, 21),
(871, 'خانوک', 'خانوک', NULL, 21),
(872, 'ریحان', 'ریحان', NULL, 21),
(873, 'زرند', 'زرند', NULL, 21),
(874, 'یزدان شهر', 'یزدان-شهر', NULL, 21),
(875, 'بلورد', 'بلورد', NULL, 21),
(876, 'پاریز', 'پاریز', NULL, 21),
(877, 'خواجو شهر', 'خواجو-شهر', NULL, 21),
(878, 'زیدآباد', 'زیدآباد', NULL, 21),
(879, 'سیرجان', 'سیرجان', NULL, 21),
(880, 'نجف شهر', 'نجف-شهر', NULL, 21),
(881, 'هماشهر', 'هماشهر-', NULL, 21),
(882, 'جوزم', 'جوزم', NULL, 21),
(883, 'خاتون اباد', 'خاتون-اباد', NULL, 21),
(884, 'خورسند', 'خورسند', NULL, 21),
(885, 'دهج', 'دهج', NULL, 21),
(886, 'شهربابک', 'شهربابک', NULL, 21),
(887, 'دوساری', 'دوساری', NULL, 21),
(888, 'عنبرآباد', 'عنبرآباد', NULL, 21),
(889, 'مردهک', 'مردهک', NULL, 21),
(890, 'فاریاب', 'فاریاب', NULL, 21),
(891, 'فهرج', 'فهرج', NULL, 21),
(892, 'قلعه گنج', 'قلعه-گنج', NULL, 21),
(893, 'اختیارآباد', 'اختیارآباد', NULL, 21),
(894, 'اندوهجرد', 'اندوهجرد', NULL, 21),
(895, 'باغین', 'باغین', NULL, 21),
(896, 'جوپار', 'جوپار', NULL, 21),
(897, 'چترود', 'چترود', NULL, 21),
(898, 'راین', 'راین', NULL, 21),
(899, 'زنگی آباد', 'زنگی-آباد', NULL, 21),
(900, 'شهداد', 'شهداد', NULL, 21),
(901, 'کاظم آباد', 'کاظم-آباد', NULL, 21),
(902, 'کرمان', 'کرمان', NULL, 21),
(903, 'گلباف', 'گلباف', NULL, 21),
(904, 'ماهان', 'ماهان', NULL, 21),
(905, 'محی آباد', 'محی-آباد', NULL, 21),
(906, 'کوهبنان', 'کوهبنان', NULL, 21),
(907, 'کیانشهر', 'کیانشهر', NULL, 21),
(908, 'کهنوج', 'کهنوج', NULL, 21),
(909, 'منوجان', 'منوجان', NULL, 21),
(910, 'نودژ', 'نودژ', NULL, 21),
(911, 'نرماشیر', 'نرماشیر', NULL, 21),
(912, 'نظام شهر', 'نظام-شهر', NULL, 21),
(913, 'اسلام آبادغرب', 'اسلام-آبادغرب', NULL, 22),
(914, 'حمیل', 'حمیل', NULL, 22),
(915, 'بانوره', 'بانوره', NULL, 22),
(916, 'باینگان', 'باینگان', NULL, 22),
(917, 'پاوه', 'پاوه', NULL, 22),
(918, 'نودشه', 'نودشه', NULL, 22),
(919, 'نوسود', 'نوسود', NULL, 22),
(920, 'ازگله', 'ازگله', NULL, 22),
(921, 'تازه آباد', 'تازه-آباد', NULL, 22),
(922, 'جوانرود', 'جوانرود', NULL, 22),
(923, 'ریجاب', 'ریجاب', NULL, 22),
(924, 'کرند', 'کرند', NULL, 22),
(925, 'گهواره', 'گهواره', NULL, 22),
(926, 'روانسر', 'روانسر', NULL, 22),
(927, 'شاهو', 'شاهو', NULL, 22),
(928, 'سرپل ذهاب', 'سرپل-ذهاب', NULL, 22),
(929, 'سطر', 'سطر', NULL, 22),
(930, 'سنقر', 'سنقر', NULL, 22),
(931, 'صحنه', 'صحنه', NULL, 22),
(932, 'میان راهان', 'میان-راهان', NULL, 22),
(933, 'سومار', 'سومار', NULL, 22),
(934, 'قصرشیرین', 'قصرشیرین', NULL, 22),
(935, 'رباط', 'رباط', NULL, 22),
(936, 'کرمانشاه', 'کرمانشاه', NULL, 22),
(937, 'کوزران', 'کوزران', NULL, 22),
(938, 'هلشی', 'هلشی', NULL, 22),
(939, 'کنگاور', 'کنگاور', NULL, 22),
(940, 'گودین', 'گودین', NULL, 22),
(941, 'سرمست', 'سرمست', NULL, 22),
(942, 'گیلانغرب', 'گیلانغرب', NULL, 22),
(943, 'بیستون', 'بیستون', NULL, 22),
(944, 'هرسین', 'هرسین', NULL, 22),
(945, 'باشت', 'باشت', NULL, 23),
(946, 'چیتاب', 'چیتاب', NULL, 23),
(947, 'گراب سفلی', 'گراب-سفلی', NULL, 23),
(948, 'مادوان', 'مادوان', NULL, 23),
(949, 'مارگون', 'مارگون', NULL, 23),
(950, 'یاسوج', 'یاسوج', NULL, 23),
(951, 'لیکک', 'لیکک', NULL, 23),
(952, 'چرام', 'چرام', NULL, 23),
(953, 'سرفاریاب', 'سرفاریاب', NULL, 23),
(954, 'پاتاوه', 'پاتاوه', NULL, 23),
(955, 'سی سخت', 'سی-سخت', NULL, 23),
(956, 'دهدشت', 'دهدشت', NULL, 23),
(957, 'دیشموک', 'دیشموک', NULL, 23),
(958, 'سوق', 'سوق', NULL, 23),
(959, 'قلعه رییسی', 'قلعه-رییسی', NULL, 23),
(960, 'دوگنبدان', 'دوگنبدان', NULL, 23),
(961, 'لنده', 'لنده', NULL, 23),
(962, 'آزادشهر', 'آزادشهر', NULL, 24),
(963, 'نگین شهر', 'نگین-شهر', NULL, 24),
(964, 'نوده خاندوز', 'نوده-خاندوز', NULL, 24),
(965, 'آق قلا', 'آق-قلا', NULL, 24),
(966, 'انبارآلوم', 'انبارآلوم', NULL, 24),
(967, 'بندرگز', 'بندرگز', NULL, 24),
(968, 'نوکنده', 'نوکنده', NULL, 24),
(969, 'بندرترکمن', 'بندرترکمن', NULL, 24),
(970, 'تاتارعلیا', 'تاتارعلیا', NULL, 24),
(971, 'خان ببین', 'خان-ببین', NULL, 24),
(972, 'دلند', 'دلند', NULL, 24),
(973, 'رامیان', 'رامیان', NULL, 24),
(974, 'سنگدوین', 'سنگدوین', NULL, 24),
(975, 'علی اباد', 'علی-اباد', NULL, 24),
(976, 'فاضل آباد', 'فاضل-آباد', NULL, 24),
(977, 'مزرعه', 'مزرعه', NULL, 24),
(978, 'کردکوی', 'کردکوی', NULL, 24),
(979, 'فراغی', 'فراغی', NULL, 24),
(980, 'کلاله', 'کلاله', NULL, 24),
(981, 'گالیکش', 'گالیکش', NULL, 24),
(982, 'جلین', 'جلین', NULL, 24),
(983, 'سرخنکلاته', 'سرخنکلاته', NULL, 24),
(984, 'گرگان', 'گرگان', NULL, 24),
(985, 'سیمین شهر', 'سیمین-شهر', NULL, 24),
(986, 'گمیش تپه', 'گمیش-تپه', NULL, 24),
(987, 'اینچه برون', 'اینچه-برون', NULL, 24),
(988, 'گنبدکاووس', 'گنبدکاووس', NULL, 24),
(989, 'مراوه', 'مراوه', NULL, 24),
(990, 'مینودشت', 'مینودشت', NULL, 24),
(991, 'آستارا', 'آستارا', NULL, 25),
(992, 'لوندویل', 'لوندویل', NULL, 25),
(993, 'آستانه اشرفیه', 'آستانه-اشرفیه', NULL, 25),
(994, 'کیاشهر', 'کیاشهر', NULL, 25),
(995, 'املش', 'املش', NULL, 25),
(996, 'رانکوه', 'رانکوه', NULL, 25),
(997, 'بندرانزلی', 'بندرانزلی', NULL, 25),
(998, 'خشکبیجار', 'خشکبیجار', NULL, 25),
(999, 'خمام', 'خمام', NULL, 25),
(1000, 'رشت', 'رشت', NULL, 25),
(1001, 'سنگر', 'سنگر', NULL, 25),
(1002, 'کوچصفهان', 'کوچصفهان', NULL, 25),
(1003, 'لشت نشاء', 'لشت-نشاء', NULL, 25),
(1004, 'لولمان', 'لولمان', NULL, 25),
(1005, 'پره سر', 'پره-سر', NULL, 25),
(1006, 'رضوانشهر', 'رضوانشهر-', NULL, 25),
(1007, 'بره سر', 'بره-سر', NULL, 25),
(1008, 'توتکابن', 'توتکابن', NULL, 25),
(1009, 'جیرنده', 'جیرنده', NULL, 25),
(1010, 'رستم آباد', 'رستم-آباد', NULL, 25),
(1011, 'رودبار', 'رودبار-', NULL, 25),
(1012, 'لوشان', 'لوشان', NULL, 25),
(1013, 'منجیل', 'منجیل', NULL, 25),
(1014, 'چابکسر', 'چابکسر', NULL, 25),
(1015, 'رحیم آباد', 'رحیم-آباد', NULL, 25),
(1016, 'رودسر', 'رودسر', NULL, 25),
(1017, 'کلاچای', 'کلاچای', NULL, 25),
(1018, 'واجارگاه', 'واجارگاه', NULL, 25),
(1019, 'دیلمان', 'دیلمان', NULL, 25),
(1020, 'سیاهکل', 'سیاهکل', NULL, 25),
(1021, 'احمدسرگوراب', 'احمدسرگوراب', NULL, 25),
(1022, 'شفت', 'شفت', NULL, 25),
(1023, 'صومعه سرا', 'صومعه-سرا', NULL, 25),
(1024, 'گوراب زرمیخ', 'گوراب-زرمیخ', NULL, 25),
(1025, 'مرجقل', 'مرجقل', NULL, 25),
(1026, 'اسالم', 'اسالم', NULL, 25),
(1027, 'چوبر', 'چوبر', NULL, 25),
(1028, 'حویق', 'حویق', NULL, 25),
(1029, 'لیسار', 'لیسار', NULL, 25),
(1030, 'هشتپر (تالش)', 'هشتپر-تالش-', NULL, 25),
(1031, 'فومن', 'فومن', NULL, 25),
(1032, 'ماسوله', 'ماسوله', NULL, 25),
(1033, 'ماکلوان', 'ماکلوان', NULL, 25),
(1034, 'رودبنه', 'رودبنه', NULL, 25),
(1035, 'لاهیجان', 'لاهیجان', NULL, 25),
(1036, 'اطاقور', 'اطاقور', NULL, 25),
(1037, 'چاف و چمخاله', 'چاف-و-چمخاله', NULL, 25),
(1038, 'شلمان', 'شلمان', NULL, 25),
(1039, 'کومله', 'کومله', NULL, 25),
(1040, 'لنگرود', 'لنگرود', NULL, 25),
(1041, 'بازار جمعه', 'بازار-جمعه', NULL, 25),
(1042, 'ماسال', 'ماسال', NULL, 25),
(1043, 'ازنا', 'ازنا', NULL, 26),
(1044, 'مومن آباد', 'مومن-آباد', NULL, 26),
(1045, 'الیگودرز', 'الیگودرز', NULL, 26),
(1046, 'شول آباد', 'شول-آباد', NULL, 26),
(1047, 'اشترینان', 'اشترینان', NULL, 26),
(1048, 'بروجرد', 'بروجرد', NULL, 26),
(1049, 'پلدختر', 'پلدختر', NULL, 26),
(1050, 'معمولان', 'معمولان', NULL, 26),
(1051, 'بیران شهر', 'بیران-شهر', NULL, 26),
(1052, 'خرم آباد', 'خرم-آباد', NULL, 26),
(1053, 'زاغه', 'زاغه', NULL, 26),
(1054, 'سپیددشت', 'سپیددشت', NULL, 26),
(1055, 'نورآباد', 'نورآباد-', NULL, 26),
(1056, 'هفت چشمه', 'هفت-چشمه', NULL, 26),
(1057, 'چالانچولان', 'چالانچولان', NULL, 26),
(1058, 'دورود', 'دورود', NULL, 26),
(1059, 'سراب دوره', 'سراب-دوره', NULL, 26),
(1060, 'ویسیان', 'ویسیان', NULL, 26),
(1061, 'چقابل', 'چقابل', NULL, 26),
(1062, 'الشتر', 'الشتر', NULL, 26),
(1063, 'فیروزآباد', 'فیروزآباد-', NULL, 26),
(1064, 'درب گنبد', 'درب-گنبد', NULL, 26),
(1065, 'کوهدشت', 'کوهدشت', NULL, 26),
(1066, 'کوهنانی', 'کوهنانی', NULL, 26),
(1067, 'گراب', 'گراب', NULL, 26),
(1068, 'آمل', 'آمل', NULL, 27),
(1069, 'امامزاده عبدالله', 'امامزاده-عبدالله', NULL, 27),
(1070, 'دابودشت', 'دابودشت', NULL, 27),
(1071, 'رینه', 'رینه', NULL, 27),
(1072, 'گزنک', 'گزنک', NULL, 27),
(1073, 'امیرکلا', 'امیرکلا', NULL, 27),
(1074, 'بابل', 'بابل', NULL, 27),
(1075, 'خوش رودپی', 'خوش-رودپی', NULL, 27),
(1076, 'زرگرمحله', 'زرگرمحله', NULL, 27),
(1077, 'گتاب', 'گتاب', NULL, 27),
(1078, 'مرزیکلا', 'مرزیکلا', NULL, 27),
(1079, 'بابلسر', 'بابلسر', NULL, 27),
(1080, 'بهنمیر', 'بهنمیر', NULL, 27),
(1081, 'هادی شهر', 'هادی-شهر', NULL, 27),
(1082, 'بهشهر', 'بهشهر', NULL, 27),
(1083, 'خلیل شهر', 'خلیل-شهر', NULL, 27),
(1084, 'رستمکلا', 'رستمکلا', NULL, 27),
(1085, 'تنکابن', 'تنکابن', NULL, 27),
(1086, 'خرم آباد', 'خرم-آباد-', NULL, 27),
(1087, 'شیرود', 'شیرود', NULL, 27),
(1088, 'نشتارود', 'نشتارود', NULL, 27),
(1089, 'جویبار', 'جویبار', NULL, 27),
(1090, 'کوهی خیل', 'کوهی-خیل', NULL, 27),
(1091, 'چالوس', 'چالوس', NULL, 27),
(1092, 'مرزن آباد', 'مرزن-آباد', NULL, 27),
(1093, 'هچیرود', 'هچیرود', NULL, 27),
(1094, 'رامسر', 'رامسر', NULL, 27),
(1095, 'کتالم وسادات شهر', 'کتالم-وسادات-شهر', NULL, 27),
(1096, 'پایین هولار', 'پایین-هولار', NULL, 27),
(1097, 'ساری', 'ساری', NULL, 27),
(1098, 'فریم', 'فریم', NULL, 27),
(1099, 'کیاسر', 'کیاسر', NULL, 27),
(1100, 'آلاشت', 'آلاشت', NULL, 27),
(1101, 'پل سفید', 'پل-سفید', NULL, 27),
(1102, 'زیرآب', 'زیرآب', NULL, 27),
(1103, 'شیرگاه', 'شیرگاه', NULL, 27),
(1104, 'کیاکلا', 'کیاکلا', NULL, 27),
(1105, 'سلمان شهر', 'سلمان-شهر', NULL, 27),
(1106, 'عباس اباد', 'عباس-اباد', NULL, 27),
(1107, 'کلارآباد', 'کلارآباد', NULL, 27),
(1108, 'فریدونکنار', 'فریدونکنار', NULL, 27),
(1109, 'ارطه', 'ارطه', NULL, 27),
(1110, 'قائم شهر', 'قائم-شهر', NULL, 27),
(1111, 'کلاردشت', 'کلاردشت', NULL, 27),
(1112, 'گلوگاه', 'گلوگاه', NULL, 27),
(1113, 'سرخرود', 'سرخرود', NULL, 27),
(1114, 'محمودآباد', 'محمودآباد-', NULL, 27),
(1115, 'سورک', 'سورک', NULL, 27),
(1116, 'نکا', 'نکا', NULL, 27),
(1117, 'ایزدشهر', 'ایزدشهر', NULL, 27),
(1118, 'بلده', 'بلده', NULL, 27),
(1119, 'چمستان', 'چمستان', NULL, 27),
(1120, 'رویان', 'رویان', NULL, 27),
(1121, 'نور', 'نور', NULL, 27),
(1122, 'پول', 'پول', NULL, 27),
(1123, 'کجور', 'کجور', NULL, 27),
(1124, 'نوشهر', 'نوشهر', NULL, 27),
(1125, 'آشتیان', 'آشتیان', NULL, 28),
(1126, 'اراک', 'اراک', NULL, 28),
(1127, 'داودآباد', 'داودآباد', NULL, 28),
(1128, 'ساروق', 'ساروق', NULL, 28),
(1129, 'کارچان', 'کارچان', NULL, 28),
(1130, 'تفرش', 'تفرش', NULL, 28),
(1131, 'خمین', 'خمین', NULL, 28),
(1132, 'قورچی باشی', 'قورچی-باشی', NULL, 28),
(1133, 'جاورسیان', 'جاورسیان', NULL, 28),
(1134, 'خنداب', 'خنداب', NULL, 28),
(1135, 'دلیجان', 'دلیجان', NULL, 28),
(1136, 'نراق', 'نراق', NULL, 28),
(1137, 'پرندک', 'پرندک', NULL, 28),
(1138, 'خشکرود', 'خشکرود', NULL, 28),
(1139, 'رازقان', 'رازقان', NULL, 28),
(1140, 'زاویه', 'زاویه', NULL, 28),
(1141, 'مامونیه', 'مامونیه', NULL, 28),
(1142, 'آوه', 'آوه', NULL, 28),
(1143, 'ساوه', 'ساوه', NULL, 28),
(1144, 'غرق آباد', 'غرق-آباد', NULL, 28),
(1145, 'نوبران', 'نوبران', NULL, 28),
(1146, 'آستانه', 'آستانه', NULL, 28),
(1147, 'توره', 'توره', NULL, 28),
(1148, 'شازند', 'شازند', NULL, 28),
(1149, 'شهباز', 'شهباز', NULL, 28),
(1150, 'مهاجران', 'مهاجران', NULL, 28),
(1151, 'هندودر', 'هندودر', NULL, 28),
(1152, 'خنجین', 'خنجین', NULL, 28),
(1153, 'فرمهین', 'فرمهین', NULL, 28),
(1154, 'کمیجان', 'کمیجان', NULL, 28),
(1155, 'میلاجرد', 'میلاجرد', NULL, 28),
(1156, 'محلات', 'محلات', NULL, 28),
(1157, 'نیمور', 'نیمور', NULL, 28),
(1158, 'ابوموسی', 'ابوموسی', NULL, 29),
(1159, 'بستک', 'بستک', NULL, 29),
(1160, 'جناح', 'جناح', NULL, 29),
(1161, 'سردشت', 'سردشت---', NULL, 29),
(1162, 'گوهران', 'گوهران', NULL, 29),
(1163, 'بندرعباس', 'بندرعباس', NULL, 29),
(1164, 'تازیان پایین', 'تازیان-پایین', NULL, 29),
(1165, 'تخت', 'تخت', NULL, 29),
(1166, 'فین', 'فین', NULL, 29),
(1167, 'قلعه قاضی', 'قلعه-قاضی', NULL, 29),
(1168, 'بندرلنگه', 'بندرلنگه', NULL, 29),
(1169, 'چارک', 'چارک', NULL, 29),
(1170, 'کنگ', 'کنگ', NULL, 29),
(1171, 'کیش', 'کیش', NULL, 29),
(1172, 'لمزان', 'لمزان', NULL, 29),
(1173, 'پارسیان', 'پارسیان', NULL, 29),
(1174, 'دشتی', 'دشتی', NULL, 29),
(1175, 'کوشکنار', 'کوشکنار', NULL, 29),
(1176, 'بندرجاسک', 'بندرجاسک', NULL, 29),
(1177, 'حاجی اباد', 'حاجی-اباد', NULL, 29),
(1178, 'سرگز', 'سرگز', NULL, 29),
(1179, 'فارغان', 'فارغان', NULL, 29),
(1180, 'خمیر', 'خمیر', NULL, 29),
(1181, 'رویدر', 'رویدر', NULL, 29),
(1182, 'بیکاء', 'بیکاء', NULL, 29),
(1183, 'دهبارز', 'دهبارز', NULL, 29),
(1184, 'زیارتعلی', 'زیارتعلی', NULL, 29),
(1185, 'سیریک', 'سیریک', NULL, 29),
(1186, 'کوهستک', 'کوهستک', NULL, 29),
(1187, 'گروک', 'گروک', NULL, 29),
(1188, 'درگهان', 'درگهان', NULL, 29),
(1189, 'سوزا', 'سوزا', NULL, 29),
(1190, 'قشم', 'قشم', NULL, 29),
(1191, 'هرمز', 'هرمز', NULL, 29),
(1192, 'تیرور', 'تیرور', NULL, 29),
(1193, 'سندرک', 'سندرک', NULL, 29),
(1194, 'میناب', 'میناب', NULL, 29),
(1195, 'هشتبندی', 'هشتبندی', NULL, 29),
(1196, 'آجین', 'آجین', NULL, 30),
(1197, 'اسدآباد', 'اسدآباد', NULL, 30),
(1198, 'بهار', 'بهار', NULL, 30),
(1199, 'صالح آباد', 'صالح-آباد--', NULL, 30),
(1200, 'لالجین', 'لالجین', NULL, 30),
(1201, 'مهاجران', 'مهاجران-', NULL, 30),
(1202, 'تویسرکان', 'تویسرکان', NULL, 30),
(1203, 'سرکان', 'سرکان', NULL, 30),
(1204, 'فرسفج', 'فرسفج', NULL, 30),
(1205, 'دمق', 'دمق', NULL, 30),
(1206, 'رزن', 'رزن', NULL, 30),
(1207, 'قروه درجزین', 'قروه-درجزین', NULL, 30),
(1208, 'فامنین', 'فامنین', NULL, 30),
(1209, 'شیرین سو', 'شیرین-سو', NULL, 30),
(1210, 'کبودرآهنگ', 'کبودرآهنگ', NULL, 30),
(1211, 'گل تپه', 'گل-تپه', NULL, 30),
(1212, 'ازندریان', 'ازندریان', NULL, 30),
(1213, 'جوکار', 'جوکار', NULL, 30),
(1214, 'زنگنه', 'زنگنه', NULL, 30),
(1215, 'سامن', 'سامن', NULL, 30),
(1216, 'ملایر', 'ملایر', NULL, 30),
(1217, 'برزول', 'برزول', NULL, 30),
(1218, 'فیروزان', 'فیروزان', NULL, 30),
(1219, 'گیان', 'گیان', NULL, 30),
(1220, 'نهاوند', 'نهاوند', NULL, 30),
(1221, 'جورقان', 'جورقان', NULL, 30),
(1222, 'قهاوند', 'قهاوند', NULL, 30),
(1223, 'مریانج', 'مریانج', NULL, 30),
(1224, 'همدان', 'همدان', NULL, 30),
(1225, 'ابرکوه', 'ابرکوه', NULL, 31),
(1226, 'مهردشت', 'مهردشت', NULL, 31),
(1227, 'احمدآباد', 'احمدآباد', NULL, 31),
(1228, 'اردکان', 'اردکان-', NULL, 31),
(1229, 'عقدا', 'عقدا', NULL, 31),
(1230, 'اشکذر', 'اشکذر', NULL, 31),
(1231, 'خضرآباد', 'خضرآباد', NULL, 31),
(1232, 'بافق', 'بافق', NULL, 31),
(1233, 'بهاباد', 'بهاباد', NULL, 31),
(1234, 'تفت', 'تفت', NULL, 31),
(1235, 'نیر', 'نیر-', NULL, 31),
(1236, 'مروست', 'مروست', NULL, 31),
(1237, 'هرات', 'هرات', NULL, 31),
(1238, 'مهریز', 'مهریز', NULL, 31),
(1239, 'بفروییه', 'بفروییه', NULL, 31),
(1240, 'میبد', 'میبد', NULL, 31),
(1241, 'ندوشن', 'ندوشن', NULL, 31),
(1242, 'حمیدیا', 'حمیدیا', NULL, 31),
(1243, 'زارچ', 'زارچ', NULL, 31),
(1244, 'شاهدیه', 'شاهدیه', NULL, 31),
(1245, 'یزد', 'یزد', NULL, 31);

-- --------------------------------------------------------

--
-- Table structure for table `contact_us`
--

CREATE TABLE `contact_us` (
  `id` bigint(20) UNSIGNED NOT NULL,
  `title` varchar(200) COLLATE utf8mb4_unicode_ci NOT NULL,
  `full_name` varchar(200) COLLATE utf8mb4_unicode_ci NOT NULL,
  `email` varchar(255) COLLATE utf8mb4_unicode_ci NOT NULL,
  `description` text COLLATE utf8mb4_unicode_ci NOT NULL,
  `deleted_at` timestamp NULL DEFAULT NULL,
  `created_at` timestamp NULL DEFAULT NULL,
  `updated_at` timestamp NULL DEFAULT NULL
) ENGINE=InnoDB DEFAULT CHARSET=utf8mb4 COLLATE=utf8mb4_unicode_ci;

--
-- Dumping data for table `contact_us`
--

INSERT INTO `contact_us` (`id`, `title`, `full_name`, `email`, `description`, `deleted_at`, `created_at`, `updated_at`) VALUES
(1, 'بررسی فرم تماس', 'رضا نوری', 'reza@gmail.com', 'بیاین فرم تماس رو بررسی کنیم!', NULL, '2022-05-21 13:25:02', '2022-05-21 13:25:02'),
(2, 'بررسی شماره 2 فرم تماس', 'رضا نوری', 'reza@gmail.com', 'بیاین فرم تماس رو بررسی کنیم!', NULL, '2022-05-21 13:25:46', '2022-05-21 13:25:46'),
(3, 'بررسی شماره 3 فرم تماس', 'رضا نوری', 'reza@gmail.com', 'بیاین فرم تماس رو بررسی کنیم!', NULL, '2022-05-21 13:27:40', '2022-05-21 13:27:40'),
(4, 'بررسی و تست فرم تماس', 'رضا نوری', 'reza@gmail.com', 'فرم تماس رو بررسی کنیم!', NULL, '2022-05-21 15:12:04', '2022-05-21 15:12:04');

-- --------------------------------------------------------

--
-- Table structure for table `data_rows`
--

CREATE TABLE `data_rows` (
  `id` int(10) UNSIGNED NOT NULL,
  `data_type_id` int(10) UNSIGNED NOT NULL,
  `field` varchar(255) COLLATE utf8mb4_unicode_ci NOT NULL,
  `type` varchar(255) COLLATE utf8mb4_unicode_ci NOT NULL,
  `display_name` varchar(255) COLLATE utf8mb4_unicode_ci NOT NULL,
  `required` tinyint(1) NOT NULL DEFAULT 0,
  `browse` tinyint(1) NOT NULL DEFAULT 1,
  `read` tinyint(1) NOT NULL DEFAULT 1,
  `edit` tinyint(1) NOT NULL DEFAULT 1,
  `add` tinyint(1) NOT NULL DEFAULT 1,
  `delete` tinyint(1) NOT NULL DEFAULT 1,
  `details` text COLLATE utf8mb4_unicode_ci DEFAULT NULL,
  `order` int(11) NOT NULL DEFAULT 1
) ENGINE=InnoDB DEFAULT CHARSET=utf8mb4 COLLATE=utf8mb4_unicode_ci;

--
-- Dumping data for table `data_rows`
--

INSERT INTO `data_rows` (`id`, `data_type_id`, `field`, `type`, `display_name`, `required`, `browse`, `read`, `edit`, `add`, `delete`, `details`, `order`) VALUES
(1, 1, 'id', 'number', 'ID', 1, 0, 0, 0, 0, 0, NULL, 1),
(2, 1, 'name', 'text', 'Name', 1, 1, 1, 1, 1, 1, NULL, 2),
(3, 1, 'email', 'text', 'Email', 1, 1, 1, 1, 1, 1, NULL, 3),
(4, 1, 'password', 'password', 'Password', 1, 0, 0, 1, 1, 0, NULL, 4),
(5, 1, 'remember_token', 'text', 'Remember Token', 0, 0, 0, 0, 0, 0, NULL, 5),
(6, 1, 'created_at', 'timestamp', 'Created At', 0, 1, 1, 0, 0, 0, NULL, 6),
(7, 1, 'updated_at', 'timestamp', 'Updated At', 0, 0, 0, 0, 0, 0, NULL, 7),
(8, 1, 'avatar', 'image', 'Avatar', 0, 1, 1, 1, 1, 1, NULL, 8),
(9, 1, 'user_belongsto_role_relationship', 'relationship', 'Role', 0, 1, 1, 1, 1, 0, '{\"model\":\"TCG\\\\Voyager\\\\Models\\\\Role\",\"table\":\"roles\",\"type\":\"belongsTo\",\"column\":\"role_id\",\"key\":\"id\",\"label\":\"display_name\",\"pivot_table\":\"roles\",\"pivot\":0}', 10),
(10, 1, 'user_belongstomany_role_relationship', 'relationship', 'voyager::seeders.data_rows.roles', 0, 1, 1, 1, 1, 0, '{\"model\":\"TCG\\\\Voyager\\\\Models\\\\Role\",\"table\":\"roles\",\"type\":\"belongsToMany\",\"column\":\"id\",\"key\":\"id\",\"label\":\"display_name\",\"pivot_table\":\"user_roles\",\"pivot\":\"1\",\"taggable\":\"0\"}', 11),
(11, 1, 'settings', 'hidden', 'Settings', 0, 0, 0, 0, 0, 0, NULL, 12),
(12, 2, 'id', 'number', 'ID', 1, 0, 0, 0, 0, 0, NULL, 1),
(13, 2, 'name', 'text', 'Name', 1, 1, 1, 1, 1, 1, NULL, 2),
(14, 2, 'created_at', 'timestamp', 'Created At', 0, 0, 0, 0, 0, 0, NULL, 3),
(15, 2, 'updated_at', 'timestamp', 'Updated At', 0, 0, 0, 0, 0, 0, NULL, 4),
(16, 3, 'id', 'number', 'ID', 1, 0, 0, 0, 0, 0, NULL, 1),
(17, 3, 'name', 'text', 'Name', 1, 1, 1, 1, 1, 1, NULL, 2),
(18, 3, 'created_at', 'timestamp', 'Created At', 0, 0, 0, 0, 0, 0, NULL, 3),
(19, 3, 'updated_at', 'timestamp', 'Updated At', 0, 0, 0, 0, 0, 0, NULL, 4),
(20, 3, 'display_name', 'text', 'Display Name', 1, 1, 1, 1, 1, 1, NULL, 5),
(21, 1, 'role_id', 'text', 'Role', 1, 1, 1, 1, 1, 1, NULL, 9),
(22, 4, 'id', 'text', 'Id', 1, 0, 0, 0, 0, 0, '{}', 1),
(23, 4, 'title', 'text', 'عنوان', 1, 1, 1, 1, 1, 1, '{}', 2),
(24, 4, 'full_name', 'text', 'نام کامل', 1, 1, 1, 1, 1, 1, '{}', 3),
(25, 4, 'email', 'text', 'آدرس ایمیل', 1, 1, 1, 1, 1, 1, '{}', 4),
(26, 4, 'description', 'text', 'توضیحات', 1, 1, 1, 1, 1, 1, '{}', 5),
(27, 4, 'deleted_at', 'timestamp', 'حذف شده در', 0, 1, 1, 1, 1, 1, '{}', 6),
(28, 4, 'created_at', 'timestamp', 'ساخته شده در', 0, 1, 1, 1, 0, 1, '{}', 7),
(29, 4, 'updated_at', 'timestamp', 'به روز شده در', 0, 0, 0, 0, 0, 0, '{}', 8),
(30, 5, 'id', 'text', 'Id', 1, 0, 0, 0, 0, 0, '{}', 1),
(31, 5, 'email', 'text', 'آدرس ایمیل', 1, 1, 1, 1, 1, 1, '{}', 2),
(32, 5, 'email_verified_at', 'text', 'ایمیل تائيد شده در', 0, 1, 1, 1, 1, 1, '{}', 3),
(33, 5, 'deleted_at', 'timestamp', 'حذف شده در', 0, 1, 1, 1, 1, 1, '{}', 4),
(34, 5, 'created_at', 'timestamp', 'ساخته شده در', 0, 1, 1, 1, 0, 1, '{}', 5),
(35, 5, 'updated_at', 'timestamp', 'به روز شده در', 0, 0, 0, 0, 0, 0, '{}', 6),
(36, 7, 'id', 'text', 'Id', 1, 0, 0, 0, 0, 0, '{}', 1),
(37, 7, 'email', 'text', 'ایمیل', 1, 1, 1, 1, 1, 1, '{}', 2),
(38, 7, 'description', 'text', 'توضیحات', 1, 1, 1, 1, 1, 1, '{}', 3),
(39, 7, 'deleted_at', 'timestamp', 'حذف شده در', 0, 1, 1, 1, 1, 1, '{}', 4),
(40, 7, 'created_at', 'timestamp', 'ساخته شده در', 0, 1, 1, 1, 0, 1, '{}', 5),
(41, 7, 'updated_at', 'timestamp', 'به روز شده در', 0, 0, 0, 0, 0, 0, '{}', 6),
(42, 8, 'id', 'text', 'Id', 1, 0, 0, 0, 0, 0, '{}', 1),
(43, 8, 'user_id', 'text', 'کاربر مربوطه', 1, 1, 1, 1, 1, 1, '{}', 2),
(44, 8, 'city_id', 'text', 'شهر', 1, 1, 1, 1, 1, 1, '{}', 3),
(45, 8, 'title', 'text', 'عنوان', 1, 1, 1, 1, 1, 1, '{}', 4),
(46, 8, 'status', 'text', 'وضعیت', 1, 1, 1, 1, 1, 1, '{}', 5),
(47, 8, 'business_license', 'text', 'پروانه کسب', 1, 1, 1, 1, 1, 1, '{}', 6),
(48, 8, 'license_verified_at', 'timestamp', 'پروانه کسب تائید شده در', 0, 1, 1, 1, 1, 1, '{}', 7),
(49, 8, 'votes', 'text', 'امتیاز', 1, 1, 1, 1, 1, 1, '{}', 8),
(50, 8, 'max_services_in_day', 'text', 'حداکثر تعداد سرویس‌ها در روز', 1, 1, 1, 1, 1, 1, '{}', 9),
(51, 8, 'morning_time', 'text', 'شروع ساعت کاری صبح', 0, 1, 1, 1, 1, 1, '{}', 10),
(52, 8, 'noon_time', 'text', 'اتمام ساعت کاری ظهر', 0, 1, 1, 1, 1, 1, '{}', 11),
(53, 8, 'evening_time', 'text', 'شروع ساعت کاری عصر', 0, 1, 1, 1, 1, 1, '{}', 12),
(54, 8, 'night_time', 'text', 'اتمام ساعت کاری شب', 0, 1, 1, 1, 1, 1, '{}', 13),
(55, 8, 'deleted_at', 'timestamp', 'حذف شده در', 0, 1, 1, 1, 1, 1, '{}', 14),
(56, 8, 'created_at', 'timestamp', 'ساخته شده در', 0, 1, 1, 1, 0, 1, '{}', 15),
(57, 8, 'updated_at', 'timestamp', 'به روز شده در', 0, 0, 0, 0, 0, 0, '{}', 16),
(58, 8, 'service_center_belongsto_city_relationship', 'relationship', 'شهر مربوطه', 0, 1, 1, 1, 1, 1, '{\"model\":\"App\\\\Models\\\\City\",\"table\":\"cities\",\"type\":\"belongsTo\",\"column\":\"city_id\",\"key\":\"id\",\"label\":\"name\",\"pivot_table\":\"cities\",\"pivot\":\"0\",\"taggable\":\"0\"}', 17),
(59, 8, 'service_center_belongsto_user_relationship', 'relationship', 'کاربر مربوطه', 0, 1, 1, 1, 1, 1, '{\"model\":\"App\\\\Models\\\\User\",\"table\":\"users\",\"type\":\"belongsTo\",\"column\":\"user_id\",\"key\":\"id\",\"label\":\"mobile\",\"pivot_table\":\"cities\",\"pivot\":\"0\",\"taggable\":\"0\"}', 18),
(60, 9, 'id', 'text', 'Id', 1, 0, 0, 0, 0, 0, '{}', 1),
(61, 9, 'user_id', 'text', 'User Id', 1, 1, 1, 1, 1, 1, '{}', 2),
(62, 9, 'title', 'text', 'عنوان', 1, 1, 1, 1, 1, 1, '{}', 3),
(63, 9, 'description', 'text', 'توضیحات', 1, 1, 1, 1, 1, 1, '{}', 4),
(64, 9, 'image', 'image', 'تصویر', 1, 1, 1, 1, 1, 1, '{}', 5),
(65, 9, 'link', 'text', 'لینک', 1, 1, 1, 1, 1, 1, '{}', 6),
(66, 9, 'deleted_at', 'timestamp', 'حذف شده در', 0, 1, 1, 1, 1, 1, '{}', 7),
(67, 9, 'created_at', 'timestamp', 'ساخته شده در', 0, 1, 1, 1, 0, 1, '{}', 8),
(68, 9, 'updated_at', 'timestamp', 'به روز شده در', 0, 0, 0, 0, 0, 0, '{}', 9),
(69, 9, 'article_belongsto_user_relationship', 'relationship', 'کاربر مربوطه', 0, 1, 1, 1, 1, 1, '{\"model\":\"App\\\\Models\\\\User\",\"table\":\"users\",\"type\":\"belongsTo\",\"column\":\"user_id\",\"key\":\"id\",\"label\":\"mobile\",\"pivot_table\":\"articles\",\"pivot\":\"0\",\"taggable\":\"0\"}', 10),
(70, 10, 'id', 'text', 'Id', 1, 0, 0, 0, 0, 0, '{}', 1),
(71, 10, 'user_id', 'text', 'User Id', 1, 1, 1, 1, 1, 1, '{}', 2),
(72, 10, 'title', 'text', 'عنوان', 1, 1, 1, 1, 1, 1, '{}', 3),
(73, 10, 'description', 'text', 'توضیحات', 1, 1, 1, 1, 1, 1, '{}', 4),
(74, 10, 'video', 'media_picker', 'ویدئو', 1, 1, 1, 1, 1, 1, '{}', 5),
(75, 10, 'image', 'image', 'تصویر', 1, 1, 1, 1, 1, 1, '{}', 6),
(76, 10, 'deleted_at', 'timestamp', 'حذف شده در', 0, 1, 1, 1, 1, 1, '{}', 7),
(77, 10, 'created_at', 'timestamp', 'ساخته شده در', 0, 1, 1, 1, 0, 1, '{}', 8),
(78, 10, 'updated_at', 'timestamp', 'به روز شده در', 0, 0, 0, 0, 0, 0, '{}', 9),
(79, 10, 'video_belongsto_user_relationship', 'relationship', 'کاربر مربوطه', 0, 1, 1, 1, 1, 1, '{\"model\":\"App\\\\Models\\\\User\",\"table\":\"users\",\"type\":\"belongsTo\",\"column\":\"user_id\",\"key\":\"id\",\"label\":\"mobile\",\"pivot_table\":\"articles\",\"pivot\":\"0\",\"taggable\":\"0\"}', 10);

-- --------------------------------------------------------

--
-- Table structure for table `data_types`
--

CREATE TABLE `data_types` (
  `id` int(10) UNSIGNED NOT NULL,
  `name` varchar(255) COLLATE utf8mb4_unicode_ci NOT NULL,
  `slug` varchar(255) COLLATE utf8mb4_unicode_ci NOT NULL,
  `display_name_singular` varchar(255) COLLATE utf8mb4_unicode_ci NOT NULL,
  `display_name_plural` varchar(255) COLLATE utf8mb4_unicode_ci NOT NULL,
  `icon` varchar(255) COLLATE utf8mb4_unicode_ci DEFAULT NULL,
  `model_name` varchar(255) COLLATE utf8mb4_unicode_ci DEFAULT NULL,
  `policy_name` varchar(255) COLLATE utf8mb4_unicode_ci DEFAULT NULL,
  `controller` varchar(255) COLLATE utf8mb4_unicode_ci DEFAULT NULL,
  `description` varchar(255) COLLATE utf8mb4_unicode_ci DEFAULT NULL,
  `generate_permissions` tinyint(1) NOT NULL DEFAULT 0,
  `server_side` tinyint(4) NOT NULL DEFAULT 0,
  `details` text COLLATE utf8mb4_unicode_ci DEFAULT NULL,
  `created_at` timestamp NULL DEFAULT NULL,
  `updated_at` timestamp NULL DEFAULT NULL
) ENGINE=InnoDB DEFAULT CHARSET=utf8mb4 COLLATE=utf8mb4_unicode_ci;

--
-- Dumping data for table `data_types`
--

INSERT INTO `data_types` (`id`, `name`, `slug`, `display_name_singular`, `display_name_plural`, `icon`, `model_name`, `policy_name`, `controller`, `description`, `generate_permissions`, `server_side`, `details`, `created_at`, `updated_at`) VALUES
(1, 'users', 'users', 'User', 'Users', 'voyager-person', 'TCG\\Voyager\\Models\\User', 'TCG\\Voyager\\Policies\\UserPolicy', 'TCG\\Voyager\\Http\\Controllers\\VoyagerUserController', '', 1, 0, NULL, '2022-05-21 11:29:20', '2022-05-21 11:29:20'),
(2, 'menus', 'menus', 'Menu', 'Menus', 'voyager-list', 'TCG\\Voyager\\Models\\Menu', NULL, '', '', 1, 0, NULL, '2022-05-21 11:29:20', '2022-05-21 11:29:20'),
(3, 'roles', 'roles', 'Role', 'Roles', 'voyager-lock', 'TCG\\Voyager\\Models\\Role', NULL, 'TCG\\Voyager\\Http\\Controllers\\VoyagerRoleController', '', 1, 0, NULL, '2022-05-21 11:29:20', '2022-05-21 11:29:20'),
(4, 'contact_us', 'v-contact-us', 'فرم تماس با ما', 'فرم‌های تماس با ما', 'voyager-file-text', 'App\\Models\\ContactUs', NULL, NULL, NULL, 1, 0, '{\"order_column\":\"id\",\"order_display_column\":\"id\",\"order_direction\":\"desc\",\"default_search_key\":\"title\"}', '2022-05-30 06:09:22', '2022-05-30 06:09:22'),
(5, 'news_members', 'v-news-members', 'عضو خبرنامه', 'اعضای خبرنامه', 'voyager-people', 'App\\Models\\NewsMember', NULL, NULL, NULL, 1, 0, '{\"order_column\":\"id\",\"order_display_column\":\"id\",\"order_direction\":\"desc\",\"default_search_key\":\"email\"}', '2022-05-30 06:10:43', '2022-05-30 06:10:43'),
(7, 'offers', 'v-offers', 'فرم انتقادات و پیشنهادات', 'فرم‌های انتقادات و پیشنهادات', 'voyager-receipt', 'App\\Models\\Offer', NULL, NULL, NULL, 1, 0, '{\"order_column\":\"id\",\"order_display_column\":\"id\",\"order_direction\":\"desc\",\"default_search_key\":\"email\"}', '2022-05-30 06:12:45', '2022-05-30 06:12:45'),
(8, 'service_centers', 'v-service-centers', 'مرکز خدماتی', 'مراکز خدماتی', 'voyager-shop', 'App\\Models\\ServiceCenter', NULL, NULL, NULL, 1, 0, '{\"order_column\":\"id\",\"order_display_column\":\"id\",\"order_direction\":\"desc\",\"default_search_key\":\"title\",\"scope\":null}', '2022-05-30 06:16:38', '2022-05-30 06:20:54'),
(9, 'articles', 'v-articles', 'مقاله آموزشی', 'مقالات آموزشی', 'voyager-documentation', 'App\\Models\\Article', NULL, NULL, NULL, 1, 0, '{\"order_column\":\"id\",\"order_display_column\":\"id\",\"order_direction\":\"desc\",\"default_search_key\":\"title\",\"scope\":null}', '2022-05-30 06:35:21', '2022-05-30 06:36:40'),
(10, 'videos', 'v-videos', 'ویدئو آموزشی', 'ویدئوهای آموزشی', 'voyager-youtube-play', 'App\\Models\\Video', NULL, NULL, NULL, 1, 0, '{\"order_column\":\"id\",\"order_display_column\":\"id\",\"order_direction\":\"desc\",\"default_search_key\":\"title\",\"scope\":null}', '2022-05-30 06:38:26', '2022-05-30 06:38:51');

-- --------------------------------------------------------

--
-- Table structure for table `failed_jobs`
--

CREATE TABLE `failed_jobs` (
  `id` bigint(20) UNSIGNED NOT NULL,
  `uuid` varchar(255) COLLATE utf8mb4_unicode_ci NOT NULL,
  `connection` text COLLATE utf8mb4_unicode_ci NOT NULL,
  `queue` text COLLATE utf8mb4_unicode_ci NOT NULL,
  `payload` longtext COLLATE utf8mb4_unicode_ci NOT NULL,
  `exception` longtext COLLATE utf8mb4_unicode_ci NOT NULL,
  `failed_at` timestamp NOT NULL DEFAULT current_timestamp()
) ENGINE=InnoDB DEFAULT CHARSET=utf8mb4 COLLATE=utf8mb4_unicode_ci;

-- --------------------------------------------------------

--
-- Table structure for table `menus`
--

CREATE TABLE `menus` (
  `id` int(10) UNSIGNED NOT NULL,
  `name` varchar(255) COLLATE utf8mb4_unicode_ci NOT NULL,
  `created_at` timestamp NULL DEFAULT NULL,
  `updated_at` timestamp NULL DEFAULT NULL
) ENGINE=InnoDB DEFAULT CHARSET=utf8mb4 COLLATE=utf8mb4_unicode_ci;

--
-- Dumping data for table `menus`
--

INSERT INTO `menus` (`id`, `name`, `created_at`, `updated_at`) VALUES
(1, 'admin', '2022-05-21 11:29:20', '2022-05-21 11:29:20');

-- --------------------------------------------------------

--
-- Table structure for table `menu_items`
--

CREATE TABLE `menu_items` (
  `id` int(10) UNSIGNED NOT NULL,
  `menu_id` int(10) UNSIGNED DEFAULT NULL,
  `title` varchar(255) COLLATE utf8mb4_unicode_ci NOT NULL,
  `url` varchar(255) COLLATE utf8mb4_unicode_ci NOT NULL,
  `target` varchar(255) COLLATE utf8mb4_unicode_ci NOT NULL DEFAULT '_self',
  `icon_class` varchar(255) COLLATE utf8mb4_unicode_ci DEFAULT NULL,
  `color` varchar(255) COLLATE utf8mb4_unicode_ci DEFAULT NULL,
  `parent_id` int(11) DEFAULT NULL,
  `order` int(11) NOT NULL,
  `created_at` timestamp NULL DEFAULT NULL,
  `updated_at` timestamp NULL DEFAULT NULL,
  `route` varchar(255) COLLATE utf8mb4_unicode_ci DEFAULT NULL,
  `parameters` text COLLATE utf8mb4_unicode_ci DEFAULT NULL
) ENGINE=InnoDB DEFAULT CHARSET=utf8mb4 COLLATE=utf8mb4_unicode_ci;

--
-- Dumping data for table `menu_items`
--

INSERT INTO `menu_items` (`id`, `menu_id`, `title`, `url`, `target`, `icon_class`, `color`, `parent_id`, `order`, `created_at`, `updated_at`, `route`, `parameters`) VALUES
(1, 1, 'پیشخوان', '', '_self', 'voyager-boat', '#000000', NULL, 1, '2022-05-21 11:29:20', '2022-05-30 06:03:58', 'voyager.dashboard', 'null'),
(2, 1, 'چندرسانه‌ای‌', '', '_self', 'voyager-images', '#000000', NULL, 4, '2022-05-21 11:29:20', '2022-05-30 06:04:32', 'voyager.media.index', 'null'),
(3, 1, 'کاربران', '', '_self', 'voyager-person', '#000000', NULL, 3, '2022-05-21 11:29:20', '2022-05-30 06:04:15', 'voyager.users.index', 'null'),
(4, 1, 'نقش‌های سیستم', '', '_self', 'voyager-lock', '#000000', NULL, 2, '2022-05-21 11:29:20', '2022-05-30 06:04:09', 'voyager.roles.index', 'null'),
(5, 1, 'ابزار', '', '_self', 'voyager-tools', '#000000', NULL, 5, '2022-05-21 11:29:20', '2022-05-30 06:06:05', NULL, ''),
(6, 1, 'سازنده منو', '', '_self', 'voyager-list', '#000000', 5, 1, '2022-05-21 11:29:20', '2022-05-30 06:05:11', 'voyager.menus.index', 'null'),
(7, 1, 'پایگاه داده', '', '_self', 'voyager-data', '#000000', 5, 2, '2022-05-21 11:29:20', '2022-05-30 06:05:21', 'voyager.database.index', 'null'),
(8, 1, 'راهنما', '', '_self', 'voyager-compass', '#000000', 5, 3, '2022-05-21 11:29:20', '2022-05-30 06:05:30', 'voyager.compass.index', 'null'),
(9, 1, 'روابط داده‌ای و پردازش', '', '_self', 'voyager-bread', '#000000', 5, 4, '2022-05-21 11:29:20', '2022-05-30 06:05:43', 'voyager.bread.index', 'null'),
(10, 1, 'تنظیمات', '', '_self', 'voyager-settings', '#000000', NULL, 6, '2022-05-21 11:29:20', '2022-05-30 06:05:53', 'voyager.settings.index', 'null'),
(11, 1, 'فرم‌های تماس با ما', '', '_self', 'voyager-file-text', NULL, NULL, 7, '2022-05-30 06:09:22', '2022-05-30 06:09:22', 'voyager.v-contact-us.index', NULL),
(12, 1, 'اعضای خبرنامه', '', '_self', 'voyager-people', NULL, NULL, 8, '2022-05-30 06:10:45', '2022-05-30 06:10:45', 'voyager.v-news-members.index', NULL),
(13, 1, 'فرم‌های انتقادات و پیشنهادات', '', '_self', 'voyager-receipt', NULL, NULL, 9, '2022-05-30 06:12:46', '2022-05-30 06:12:46', 'voyager.v-offers.index', NULL),
(14, 1, 'مراکز خدماتی', '', '_self', 'voyager-shop', NULL, NULL, 10, '2022-05-30 06:16:38', '2022-05-30 06:16:38', 'voyager.v-service-centers.index', NULL),
(15, 1, 'مقالات آموزشی', '', '_self', 'voyager-documentation', NULL, NULL, 11, '2022-05-30 06:35:21', '2022-05-30 06:35:21', 'voyager.v-articles.index', NULL),
(16, 1, 'ویدئوهای آموزشی', '', '_self', 'voyager-youtube-play', '#000000', NULL, 12, '2022-05-30 06:38:27', '2022-05-30 08:05:42', 'voyager.v-videos.index', 'null');

-- --------------------------------------------------------

--
-- Table structure for table `migrations`
--

CREATE TABLE `migrations` (
  `id` int(10) UNSIGNED NOT NULL,
  `migration` varchar(255) COLLATE utf8mb4_unicode_ci NOT NULL,
  `batch` int(11) NOT NULL
) ENGINE=InnoDB DEFAULT CHARSET=utf8mb4 COLLATE=utf8mb4_unicode_ci;

--
-- Dumping data for table `migrations`
--

INSERT INTO `migrations` (`id`, `migration`, `batch`) VALUES
(1, '2014_10_12_000000_create_users_table', 1),
(2, '2014_10_12_100000_create_password_resets_table', 1),
(3, '2016_01_01_000000_add_voyager_user_fields', 1),
(4, '2016_01_01_000000_create_data_types_table', 1),
(5, '2016_05_19_173453_create_menu_table', 1),
(6, '2016_10_21_190000_create_roles_table', 1),
(7, '2016_10_21_190000_create_settings_table', 1),
(8, '2016_11_30_135954_create_permission_table', 1),
(9, '2016_11_30_141208_create_permission_role_table', 1),
(10, '2016_12_26_201236_data_types__add__server_side', 1),
(11, '2017_01_13_000000_add_route_to_menu_items_table', 1),
(12, '2017_01_14_005015_create_translations_table', 1),
(13, '2017_01_15_000000_make_table_name_nullable_in_permissions_table', 1),
(14, '2017_03_06_000000_add_controller_to_data_types_table', 1),
(15, '2017_04_21_000000_add_order_to_data_rows_table', 1),
(16, '2017_07_05_210000_add_policyname_to_data_types_table', 1),
(17, '2017_08_05_000000_add_group_to_settings_table', 1),
(18, '2017_11_26_013050_add_user_role_relationship', 1),
(19, '2017_11_26_015000_create_user_roles_table', 1),
(20, '2018_03_11_000000_add_user_settings', 1),
(21, '2018_03_14_000000_add_details_to_data_types_table', 1),
(22, '2018_03_16_000000_make_settings_value_nullable', 1),
(23, '2019_08_19_000000_create_failed_jobs_table', 1),
(24, '2019_12_14_000001_create_personal_access_tokens_table', 1),
(25, '2022_05_21_141721_create_service_centers_table', 1),
(26, '2022_05_21_143024_create_turns_table', 1),
(27, '2022_05_21_143034_create_services_table', 1),
(28, '2022_05_21_163246_create_contact_us_table', 2),
(29, '2022_05_21_175904_create_news_members_table', 3),
(30, '2022_05_21_183414_create_offers_table', 4),
(31, '2022_05_30_105303_create_articles_table', 5),
(32, '2022_05_30_105314_create_videos_table', 5);

-- --------------------------------------------------------

--
-- Table structure for table `news_members`
--

CREATE TABLE `news_members` (
  `id` bigint(20) UNSIGNED NOT NULL,
  `email` varchar(255) COLLATE utf8mb4_unicode_ci NOT NULL,
  `email_verified_at` date DEFAULT NULL,
  `deleted_at` timestamp NULL DEFAULT NULL,
  `created_at` timestamp NULL DEFAULT NULL,
  `updated_at` timestamp NULL DEFAULT NULL
) ENGINE=InnoDB DEFAULT CHARSET=utf8mb4 COLLATE=utf8mb4_unicode_ci;

--
-- Dumping data for table `news_members`
--

INSERT INTO `news_members` (`id`, `email`, `email_verified_at`, `deleted_at`, `created_at`, `updated_at`) VALUES
(1, 'reza@gmail.com', NULL, NULL, '2022-05-21 13:59:16', '2022-05-21 13:59:16'),
(2, 'reza2@gmail.com', NULL, NULL, '2022-05-21 14:01:18', '2022-05-21 14:01:18'),
(3, 'reza3@gmail.com', NULL, NULL, '2022-05-21 15:12:23', '2022-05-21 15:12:23');

-- --------------------------------------------------------

--
-- Table structure for table `offers`
--

CREATE TABLE `offers` (
  `id` bigint(20) UNSIGNED NOT NULL,
  `email` varchar(255) COLLATE utf8mb4_unicode_ci NOT NULL,
  `description` varchar(255) COLLATE utf8mb4_unicode_ci NOT NULL,
  `deleted_at` timestamp NULL DEFAULT NULL,
  `created_at` timestamp NULL DEFAULT NULL,
  `updated_at` timestamp NULL DEFAULT NULL
) ENGINE=InnoDB DEFAULT CHARSET=utf8mb4 COLLATE=utf8mb4_unicode_ci;

--
-- Dumping data for table `offers`
--

INSERT INTO `offers` (`id`, `email`, `description`, `deleted_at`, `created_at`, `updated_at`) VALUES
(1, 'reza@gmail.com', 'تست و بررسی فرم پیشنهادات', NULL, '2022-05-21 14:25:17', '2022-05-21 14:25:17'),
(2, 'reza@gmail.com', 'تست متن پیشنهادی', NULL, '2022-05-21 15:08:43', '2022-05-21 15:08:43'),
(3, 'reza@gmail.com', 'بررسی فرم پیشنهاد', NULL, '2022-05-21 15:11:49', '2022-05-21 15:11:49');

-- --------------------------------------------------------

--
-- Table structure for table `password_resets`
--

CREATE TABLE `password_resets` (
  `email` varchar(255) COLLATE utf8mb4_unicode_ci NOT NULL,
  `token` varchar(255) COLLATE utf8mb4_unicode_ci NOT NULL,
  `created_at` timestamp NULL DEFAULT NULL
) ENGINE=InnoDB DEFAULT CHARSET=utf8mb4 COLLATE=utf8mb4_unicode_ci;

-- --------------------------------------------------------

--
-- Table structure for table `permissions`
--

CREATE TABLE `permissions` (
  `id` bigint(20) UNSIGNED NOT NULL,
  `key` varchar(255) COLLATE utf8mb4_unicode_ci NOT NULL,
  `table_name` varchar(255) COLLATE utf8mb4_unicode_ci DEFAULT NULL,
  `created_at` timestamp NULL DEFAULT NULL,
  `updated_at` timestamp NULL DEFAULT NULL
) ENGINE=InnoDB DEFAULT CHARSET=utf8mb4 COLLATE=utf8mb4_unicode_ci;

--
-- Dumping data for table `permissions`
--

INSERT INTO `permissions` (`id`, `key`, `table_name`, `created_at`, `updated_at`) VALUES
(1, 'browse_admin', NULL, '2022-05-21 11:29:20', '2022-05-21 11:29:20'),
(2, 'browse_bread', NULL, '2022-05-21 11:29:20', '2022-05-21 11:29:20'),
(3, 'browse_database', NULL, '2022-05-21 11:29:20', '2022-05-21 11:29:20'),
(4, 'browse_media', NULL, '2022-05-21 11:29:20', '2022-05-21 11:29:20'),
(5, 'browse_compass', NULL, '2022-05-21 11:29:20', '2022-05-21 11:29:20'),
(6, 'browse_menus', 'menus', '2022-05-21 11:29:20', '2022-05-21 11:29:20'),
(7, 'read_menus', 'menus', '2022-05-21 11:29:20', '2022-05-21 11:29:20'),
(8, 'edit_menus', 'menus', '2022-05-21 11:29:20', '2022-05-21 11:29:20'),
(9, 'add_menus', 'menus', '2022-05-21 11:29:20', '2022-05-21 11:29:20'),
(10, 'delete_menus', 'menus', '2022-05-21 11:29:20', '2022-05-21 11:29:20'),
(11, 'browse_roles', 'roles', '2022-05-21 11:29:20', '2022-05-21 11:29:20'),
(12, 'read_roles', 'roles', '2022-05-21 11:29:20', '2022-05-21 11:29:20'),
(13, 'edit_roles', 'roles', '2022-05-21 11:29:20', '2022-05-21 11:29:20'),
(14, 'add_roles', 'roles', '2022-05-21 11:29:20', '2022-05-21 11:29:20'),
(15, 'delete_roles', 'roles', '2022-05-21 11:29:20', '2022-05-21 11:29:20'),
(16, 'browse_users', 'users', '2022-05-21 11:29:20', '2022-05-21 11:29:20'),
(17, 'read_users', 'users', '2022-05-21 11:29:20', '2022-05-21 11:29:20'),
(18, 'edit_users', 'users', '2022-05-21 11:29:20', '2022-05-21 11:29:20'),
(19, 'add_users', 'users', '2022-05-21 11:29:20', '2022-05-21 11:29:20'),
(20, 'delete_users', 'users', '2022-05-21 11:29:20', '2022-05-21 11:29:20'),
(21, 'browse_settings', 'settings', '2022-05-21 11:29:20', '2022-05-21 11:29:20'),
(22, 'read_settings', 'settings', '2022-05-21 11:29:20', '2022-05-21 11:29:20'),
(23, 'edit_settings', 'settings', '2022-05-21 11:29:20', '2022-05-21 11:29:20'),
(24, 'add_settings', 'settings', '2022-05-21 11:29:20', '2022-05-21 11:29:20'),
(25, 'delete_settings', 'settings', '2022-05-21 11:29:20', '2022-05-21 11:29:20'),
(26, 'browse_contact_us', 'contact_us', '2022-05-30 06:09:22', '2022-05-30 06:09:22'),
(27, 'read_contact_us', 'contact_us', '2022-05-30 06:09:22', '2022-05-30 06:09:22'),
(28, 'edit_contact_us', 'contact_us', '2022-05-30 06:09:22', '2022-05-30 06:09:22'),
(29, 'add_contact_us', 'contact_us', '2022-05-30 06:09:22', '2022-05-30 06:09:22'),
(30, 'delete_contact_us', 'contact_us', '2022-05-30 06:09:22', '2022-05-30 06:09:22'),
(31, 'browse_news_members', 'news_members', '2022-05-30 06:10:45', '2022-05-30 06:10:45'),
(32, 'read_news_members', 'news_members', '2022-05-30 06:10:45', '2022-05-30 06:10:45'),
(33, 'edit_news_members', 'news_members', '2022-05-30 06:10:45', '2022-05-30 06:10:45'),
(34, 'add_news_members', 'news_members', '2022-05-30 06:10:45', '2022-05-30 06:10:45'),
(35, 'delete_news_members', 'news_members', '2022-05-30 06:10:45', '2022-05-30 06:10:45'),
(36, 'browse_offers', 'offers', '2022-05-30 06:12:46', '2022-05-30 06:12:46'),
(37, 'read_offers', 'offers', '2022-05-30 06:12:46', '2022-05-30 06:12:46'),
(38, 'edit_offers', 'offers', '2022-05-30 06:12:46', '2022-05-30 06:12:46'),
(39, 'add_offers', 'offers', '2022-05-30 06:12:46', '2022-05-30 06:12:46'),
(40, 'delete_offers', 'offers', '2022-05-30 06:12:46', '2022-05-30 06:12:46'),
(41, 'browse_service_centers', 'service_centers', '2022-05-30 06:16:38', '2022-05-30 06:16:38'),
(42, 'read_service_centers', 'service_centers', '2022-05-30 06:16:38', '2022-05-30 06:16:38'),
(43, 'edit_service_centers', 'service_centers', '2022-05-30 06:16:38', '2022-05-30 06:16:38'),
(44, 'add_service_centers', 'service_centers', '2022-05-30 06:16:38', '2022-05-30 06:16:38'),
(45, 'delete_service_centers', 'service_centers', '2022-05-30 06:16:38', '2022-05-30 06:16:38'),
(46, 'browse_articles', 'articles', '2022-05-30 06:35:21', '2022-05-30 06:35:21'),
(47, 'read_articles', 'articles', '2022-05-30 06:35:21', '2022-05-30 06:35:21'),
(48, 'edit_articles', 'articles', '2022-05-30 06:35:21', '2022-05-30 06:35:21'),
(49, 'add_articles', 'articles', '2022-05-30 06:35:21', '2022-05-30 06:35:21'),
(50, 'delete_articles', 'articles', '2022-05-30 06:35:21', '2022-05-30 06:35:21'),
(51, 'browse_videos', 'videos', '2022-05-30 06:38:27', '2022-05-30 06:38:27'),
(52, 'read_videos', 'videos', '2022-05-30 06:38:27', '2022-05-30 06:38:27'),
(53, 'edit_videos', 'videos', '2022-05-30 06:38:27', '2022-05-30 06:38:27'),
(54, 'add_videos', 'videos', '2022-05-30 06:38:27', '2022-05-30 06:38:27'),
(55, 'delete_videos', 'videos', '2022-05-30 06:38:27', '2022-05-30 06:38:27');

-- --------------------------------------------------------

--
-- Table structure for table `permission_role`
--

CREATE TABLE `permission_role` (
  `permission_id` bigint(20) UNSIGNED NOT NULL,
  `role_id` bigint(20) UNSIGNED NOT NULL
) ENGINE=InnoDB DEFAULT CHARSET=utf8mb4 COLLATE=utf8mb4_unicode_ci;

--
-- Dumping data for table `permission_role`
--

INSERT INTO `permission_role` (`permission_id`, `role_id`) VALUES
(1, 1),
(2, 1),
(3, 1),
(4, 1),
(5, 1),
(6, 1),
(7, 1),
(8, 1),
(9, 1),
(10, 1),
(11, 1),
(12, 1),
(13, 1),
(14, 1),
(15, 1),
(16, 1),
(17, 1),
(18, 1),
(19, 1),
(20, 1),
(21, 1),
(22, 1),
(23, 1),
(24, 1),
(25, 1),
(26, 1),
(27, 1),
(28, 1),
(29, 1),
(30, 1),
(31, 1),
(32, 1),
(33, 1),
(34, 1),
(35, 1),
(36, 1),
(37, 1),
(38, 1),
(39, 1),
(40, 1),
(41, 1),
(42, 1),
(43, 1),
(44, 1),
(45, 1),
(46, 1),
(47, 1),
(48, 1),
(49, 1),
(50, 1),
(51, 1),
(52, 1),
(53, 1),
(54, 1),
(55, 1);

-- --------------------------------------------------------

--
-- Table structure for table `personal_access_tokens`
--

CREATE TABLE `personal_access_tokens` (
  `id` bigint(20) UNSIGNED NOT NULL,
  `tokenable_type` varchar(255) COLLATE utf8mb4_unicode_ci NOT NULL,
  `tokenable_id` bigint(20) UNSIGNED NOT NULL,
  `name` varchar(255) COLLATE utf8mb4_unicode_ci NOT NULL,
  `token` varchar(64) COLLATE utf8mb4_unicode_ci NOT NULL,
  `abilities` text COLLATE utf8mb4_unicode_ci DEFAULT NULL,
  `last_used_at` timestamp NULL DEFAULT NULL,
  `created_at` timestamp NULL DEFAULT NULL,
  `updated_at` timestamp NULL DEFAULT NULL
) ENGINE=InnoDB DEFAULT CHARSET=utf8mb4 COLLATE=utf8mb4_unicode_ci;

-- --------------------------------------------------------

--
-- Table structure for table `provinces`
--

CREATE TABLE `provinces` (
  `id` tinyint(3) UNSIGNED NOT NULL,
  `name` varchar(255) COLLATE utf8mb4_unicode_ci NOT NULL,
  `slug` varchar(255) COLLATE utf8mb4_unicode_ci NOT NULL,
  `description` text COLLATE utf8mb4_unicode_ci DEFAULT NULL
) ENGINE=InnoDB DEFAULT CHARSET=utf8mb4 COLLATE=utf8mb4_unicode_ci;

--
-- Dumping data for table `provinces`
--

INSERT INTO `provinces` (`id`, `name`, `slug`, `description`) VALUES
(1, 'آذربایجان شرقی', 'آذربایجان-شرقی', NULL),
(2, 'آذربایجان غربی', 'آذربایجان-غربی', NULL),
(3, 'اردبیل', 'اردبیل', NULL),
(4, 'اصفهان', 'اصفهان', NULL),
(5, 'البرز', 'البرز', NULL),
(6, 'ایلام', 'ایلام', NULL),
(7, 'بوشهر', 'بوشهر', NULL),
(8, 'تهران', 'تهران', NULL),
(9, 'چهارمحال وبختیاری', 'چهارمحال-وبختیاری', NULL),
(10, 'خراسان جنوبی', 'خراسان-جنوبی', NULL),
(11, 'خراسان رضوی', 'خراسان-رضوی', NULL),
(12, 'خراسان شمالی', 'خراسان-شمالی', NULL),
(13, 'خوزستان', 'خوزستان', NULL),
(14, 'زنجان', 'زنجان', NULL),
(15, 'سمنان', 'سمنان', NULL),
(16, 'سیستان وبلوچستان', 'سیستان-وبلوچستان', NULL),
(17, 'فارس', 'فارس', NULL),
(18, 'قزوین', 'قزوین', NULL),
(19, 'قم', 'قم', NULL),
(20, 'کردستان', 'کردستان', NULL),
(21, 'کرمان', 'کرمان', NULL),
(22, 'کرمانشاه', 'کرمانشاه', NULL),
(23, 'کهگیلویه وبویراحمد', 'کهگیلویه-وبویراحمد', NULL),
(24, 'گلستان', 'گلستان', NULL),
(25, 'گیلان', 'گیلان', NULL),
(26, 'لرستان', 'لرستان', NULL),
(27, 'مازندران', 'مازندران', NULL),
(28, 'مرکزی', 'مرکزی', NULL),
(29, 'هرمزگان', 'هرمزگان', NULL),
(30, 'همدان', 'همدان', NULL),
(31, 'یزد', 'یزد', NULL);

-- --------------------------------------------------------

--
-- Table structure for table `roles`
--

CREATE TABLE `roles` (
  `id` bigint(20) UNSIGNED NOT NULL,
  `name` varchar(255) COLLATE utf8mb4_unicode_ci NOT NULL,
  `display_name` varchar(255) COLLATE utf8mb4_unicode_ci NOT NULL,
  `created_at` timestamp NULL DEFAULT NULL,
  `updated_at` timestamp NULL DEFAULT NULL
) ENGINE=InnoDB DEFAULT CHARSET=utf8mb4 COLLATE=utf8mb4_unicode_ci;

--
-- Dumping data for table `roles`
--

INSERT INTO `roles` (`id`, `name`, `display_name`, `created_at`, `updated_at`) VALUES
(1, 'admin', 'Administrator', '2022-05-21 11:29:20', '2022-05-21 11:29:20'),
(2, 'user', 'Normal User', '2022-05-21 11:29:20', '2022-05-21 11:29:20'),
(3, 'center_owner', 'center_owner', '2022-05-22 10:42:28', '2022-05-22 10:42:28');

-- --------------------------------------------------------

--
-- Table structure for table `services`
--

CREATE TABLE `services` (
  `id` bigint(20) UNSIGNED NOT NULL,
  `current_km` int(11) DEFAULT NULL,
  `next_km` int(11) DEFAULT NULL,
  `user_id` bigint(20) UNSIGNED NOT NULL,
  `center_id` bigint(20) UNSIGNED NOT NULL,
  `plaque_2` varchar(2) COLLATE utf8mb4_unicode_ci NOT NULL,
  `plaque_alpha` varchar(1) COLLATE utf8mb4_unicode_ci NOT NULL,
  `plaque_3` varchar(3) COLLATE utf8mb4_unicode_ci NOT NULL,
  `plaque_ir` varchar(2) COLLATE utf8mb4_unicode_ci NOT NULL,
  `oil_change` tinyint(4) NOT NULL DEFAULT 0,
  `gearbox_oil_change` tinyint(4) NOT NULL DEFAULT 0,
  `differential_oil_change` tinyint(4) NOT NULL DEFAULT 0,
  `oil_filter_replacement` tinyint(4) NOT NULL DEFAULT 0,
  `air_filter_replacement` tinyint(4) NOT NULL DEFAULT 0,
  `wind_adjustment` tinyint(4) NOT NULL DEFAULT 0,
  `payment` int(11) NOT NULL,
  `created_at` timestamp NULL DEFAULT NULL,
  `updated_at` timestamp NULL DEFAULT NULL
) ENGINE=InnoDB DEFAULT CHARSET=utf8mb4 COLLATE=utf8mb4_unicode_ci;

--
-- Dumping data for table `services`
--

INSERT INTO `services` (`id`, `current_km`, `next_km`, `user_id`, `center_id`, `plaque_2`, `plaque_alpha`, `plaque_3`, `plaque_ir`, `oil_change`, `gearbox_oil_change`, `differential_oil_change`, `oil_filter_replacement`, `air_filter_replacement`, `wind_adjustment`, `payment`, `created_at`, `updated_at`) VALUES
(18, 15000, 19000, 1, 3, '12', 'ب', '325', '52', 1, 0, 0, 0, 1, 1, 200000, '2022-05-30 05:45:06', '2022-05-30 05:45:06'),
(19, 15000, 19000, 1, 3, '12', 'ب', '448', '32', 1, 0, 0, 0, 1, 1, 156000, '2022-05-30 05:59:19', '2022-05-30 05:59:19'),
(20, 12000, 16000, 6, 3, '15', 'ب', '154', '52', 1, 0, 0, 1, 1, 1, 350000, '2022-05-30 08:37:40', '2022-05-30 08:37:40');

-- --------------------------------------------------------

--
-- Table structure for table `service_centers`
--

CREATE TABLE `service_centers` (
  `id` bigint(20) UNSIGNED NOT NULL,
  `user_id` bigint(20) UNSIGNED NOT NULL,
  `city_id` int(10) UNSIGNED NOT NULL,
  `title` varchar(255) COLLATE utf8mb4_unicode_ci NOT NULL,
  `status` tinyint(4) NOT NULL DEFAULT 0,
  `business_license` text COLLATE utf8mb4_unicode_ci NOT NULL,
  `license_verified_at` timestamp NULL DEFAULT NULL,
  `votes` int(11) NOT NULL DEFAULT 0,
  `max_services_in_day` tinyint(4) NOT NULL DEFAULT 10,
  `morning_time` varchar(255) COLLATE utf8mb4_unicode_ci DEFAULT NULL,
  `noon_time` varchar(255) COLLATE utf8mb4_unicode_ci DEFAULT NULL,
  `evening_time` varchar(255) COLLATE utf8mb4_unicode_ci DEFAULT NULL,
  `night_time` varchar(255) COLLATE utf8mb4_unicode_ci DEFAULT NULL,
  `deleted_at` timestamp NULL DEFAULT NULL,
  `created_at` timestamp NULL DEFAULT NULL,
  `updated_at` timestamp NULL DEFAULT NULL
) ENGINE=InnoDB DEFAULT CHARSET=utf8mb4 COLLATE=utf8mb4_unicode_ci;

--
-- Dumping data for table `service_centers`
--

INSERT INTO `service_centers` (`id`, `user_id`, `city_id`, `title`, `status`, `business_license`, `license_verified_at`, `votes`, `max_services_in_day`, `morning_time`, `noon_time`, `evening_time`, `night_time`, `deleted_at`, `created_at`, `updated_at`) VALUES
(1, 3, 131, 'تعویض روغنی رضا', 1, '/center-licenses/May2022/4IcqKAwjDCHnmMnSFn.jpeg', NULL, 0, 6, '8', '14', '16', '20', NULL, '2022-05-22 10:58:05', '2022-05-22 10:58:05'),
(2, 7, 105, 'تعویض روغنی رحمانی', 1, '/center-licenses/May2022/fThahkRrlZhjczp2Rk.png', NULL, 0, 10, '7', '15', '17', '21', NULL, '2022-05-22 13:28:08', '2022-05-22 13:28:08'),
(3, 8, 484, 'سرویس موتور رسول', 1, '/center-licenses/May2022/MWJ2DqBghSao4SYx9F.jpeg', NULL, 0, 8, '9', '13', '15', '21', NULL, '2022-05-22 13:29:33', '2022-05-22 13:29:33');

-- --------------------------------------------------------

--
-- Table structure for table `settings`
--

CREATE TABLE `settings` (
  `id` int(10) UNSIGNED NOT NULL,
  `key` varchar(255) COLLATE utf8mb4_unicode_ci NOT NULL,
  `display_name` varchar(255) COLLATE utf8mb4_unicode_ci NOT NULL,
  `value` text COLLATE utf8mb4_unicode_ci DEFAULT NULL,
  `details` text COLLATE utf8mb4_unicode_ci DEFAULT NULL,
  `type` varchar(255) COLLATE utf8mb4_unicode_ci NOT NULL,
  `order` int(11) NOT NULL DEFAULT 1,
  `group` varchar(255) COLLATE utf8mb4_unicode_ci DEFAULT NULL
) ENGINE=InnoDB DEFAULT CHARSET=utf8mb4 COLLATE=utf8mb4_unicode_ci;

--
-- Dumping data for table `settings`
--

INSERT INTO `settings` (`id`, `key`, `display_name`, `value`, `details`, `type`, `order`, `group`) VALUES
(1, 'site.title', 'Site Title', 'Site Title', '', 'text', 1, 'Site'),
(2, 'site.description', 'Site Description', 'Site Description', '', 'text', 2, 'Site'),
(3, 'site.logo', 'Site Logo', '', '', 'image', 3, 'Site'),
(4, 'site.google_analytics_tracking_id', 'Google Analytics Tracking ID', NULL, '', 'text', 4, 'Site'),
(5, 'admin.bg_image', 'Admin Background Image', '', '', 'image', 5, 'Admin'),
(6, 'admin.title', 'Admin Title', 'ایساکو سرویس!', '', 'text', 1, 'Admin'),
(7, 'admin.description', 'Admin Description', 'به پنل مدیریت ایساکو سرویس خوش آمدید :)', '', 'text', 2, 'Admin'),
(8, 'admin.loader', 'Admin Loader', '', '', 'image', 3, 'Admin'),
(9, 'admin.icon_image', 'Admin Icon Image', '', '', 'image', 4, 'Admin'),
(10, 'admin.google_analytics_client_id', 'Google Analytics Client ID (used for admin dashboard)', NULL, '', 'text', 1, 'Admin');

-- --------------------------------------------------------

--
-- Table structure for table `translations`
--

CREATE TABLE `translations` (
  `id` int(10) UNSIGNED NOT NULL,
  `table_name` varchar(255) COLLATE utf8mb4_unicode_ci NOT NULL,
  `column_name` varchar(255) COLLATE utf8mb4_unicode_ci NOT NULL,
  `foreign_key` int(10) UNSIGNED NOT NULL,
  `locale` varchar(255) COLLATE utf8mb4_unicode_ci NOT NULL,
  `value` text COLLATE utf8mb4_unicode_ci NOT NULL,
  `created_at` timestamp NULL DEFAULT NULL,
  `updated_at` timestamp NULL DEFAULT NULL
) ENGINE=InnoDB DEFAULT CHARSET=utf8mb4 COLLATE=utf8mb4_unicode_ci;

-- --------------------------------------------------------

--
-- Table structure for table `turns`
--

CREATE TABLE `turns` (
  `id` bigint(20) UNSIGNED NOT NULL,
  `user_id` bigint(20) UNSIGNED NOT NULL,
  `center_id` bigint(20) UNSIGNED NOT NULL,
  `date` date NOT NULL,
  `start_time` tinyint(4) NOT NULL,
  `end_time` tinyint(4) NOT NULL,
  `created_at` timestamp NULL DEFAULT NULL,
  `updated_at` timestamp NULL DEFAULT NULL
) ENGINE=InnoDB DEFAULT CHARSET=utf8mb4 COLLATE=utf8mb4_unicode_ci;

--
-- Dumping data for table `turns`
--

INSERT INTO `turns` (`id`, `user_id`, `center_id`, `date`, `start_time`, `end_time`, `created_at`, `updated_at`) VALUES
(1, 1, 3, '2022-05-30', 9, 11, '2022-05-28 16:47:10', '2022-05-28 16:47:10'),
(7, 1, 3, '2022-05-30', 15, 17, '2022-05-28 13:46:34', '2022-05-28 13:46:34'),
(12, 6, 3, '2022-05-30', 11, 13, '2022-05-30 08:36:25', '2022-05-30 08:36:25');

-- --------------------------------------------------------

--
-- Table structure for table `users`
--

CREATE TABLE `users` (
  `id` bigint(20) UNSIGNED NOT NULL,
  `role_id` bigint(20) UNSIGNED DEFAULT NULL,
  `name` varchar(255) COLLATE utf8mb4_unicode_ci NOT NULL,
  `last_name` varchar(255) COLLATE utf8mb4_unicode_ci NOT NULL,
  `mobile` varchar(255) COLLATE utf8mb4_unicode_ci NOT NULL,
  `email` varchar(255) COLLATE utf8mb4_unicode_ci DEFAULT NULL,
  `avatar` varchar(255) COLLATE utf8mb4_unicode_ci DEFAULT 'users/default.png',
  `mobile_verified_at` timestamp NULL DEFAULT NULL,
  `password` varchar(255) COLLATE utf8mb4_unicode_ci NOT NULL,
  `remember_token` varchar(100) COLLATE utf8mb4_unicode_ci DEFAULT NULL,
  `settings` text COLLATE utf8mb4_unicode_ci DEFAULT NULL,
  `created_at` timestamp NULL DEFAULT NULL,
  `updated_at` timestamp NULL DEFAULT NULL
) ENGINE=InnoDB DEFAULT CHARSET=utf8mb4 COLLATE=utf8mb4_unicode_ci;

--
-- Dumping data for table `users`
--

INSERT INTO `users` (`id`, `role_id`, `name`, `last_name`, `mobile`, `email`, `avatar`, `mobile_verified_at`, `password`, `remember_token`, `settings`, `created_at`, `updated_at`) VALUES
(1, 1, 'Reza', 'Noori', '09908676118', 'reza@gmail.com', 'users/default.png', NULL, '$2y$10$rkqOPn1bG328dWpI2XtTR.VJycGePi2MvAin7c0sUJkQGsgDcWN9m', NULL, '{\"locale\":\"fa\"}', '2022-05-21 16:00:53', '2022-05-28 13:30:14'),
(3, 3, 'mohammadreza', 'mohammadi', '09034192273', NULL, 'users/default.png', NULL, '$2y$10$fudbHpGOYtpN9MkruiJJb.Hr0U1kF/TS6SiofMhklTfihagtgFOZ6', NULL, '{\"locale\":\"fa\"}', '2022-05-22 10:58:05', '2022-05-22 10:59:09'),
(4, 2, 'مهدی', 'سارانی', '09256532565', NULL, 'users/default.png', NULL, '$2y$10$LtS/e2WHVZwcV/c8JVH6Oe5q1kluYi8CuWmOGYoy2AVObDQGF3mY2', NULL, NULL, '2022-05-22 13:22:26', '2022-05-22 13:22:26'),
(5, 2, 'سارا', 'بهدانی', '09859785898', NULL, 'users/default.png', NULL, '$2y$10$SJKC0G9WKUJsEY2e7nVWXOXokOZFCRiFreXg3RAFx/Pf9IC6KzD3K', NULL, NULL, '2022-05-22 13:25:37', '2022-05-22 13:25:37'),
(6, 2, 'بهرام', 'رضایی', '09156532578', NULL, 'users/default.png', NULL, '$2y$10$W0DoAla6fvzpIar4mQ1LfeTHJ0URqE4/V.20NYRGLHGGaXPFDBqhq', NULL, NULL, '2022-05-22 13:26:49', '2022-05-22 13:26:49'),
(7, 3, 'علی', 'رحمانی', '09152526589', NULL, 'users/default.png', NULL, '$2y$10$sZeu.Eom9jkPcaco7vO6.OPAvkBB1PV/394cMSMxEgePJsT5.NPIC', NULL, NULL, '2022-05-22 13:28:08', '2022-05-22 13:28:08'),
(8, 3, 'رسول', 'کاشمری', '09156587415', NULL, 'users/default.png', NULL, '$2y$10$uFRoi0D0Bwbuc9LPvvkYH.KSS1oZGeqUUKuVZXrhrpyPQtKheRbbm', NULL, NULL, '2022-05-22 13:29:33', '2022-05-22 13:29:33');

-- --------------------------------------------------------

--
-- Table structure for table `user_roles`
--

CREATE TABLE `user_roles` (
  `user_id` bigint(20) UNSIGNED NOT NULL,
  `role_id` bigint(20) UNSIGNED NOT NULL
) ENGINE=InnoDB DEFAULT CHARSET=utf8mb4 COLLATE=utf8mb4_unicode_ci;

-- --------------------------------------------------------

--
-- Table structure for table `videos`
--

CREATE TABLE `videos` (
  `id` bigint(20) UNSIGNED NOT NULL,
  `user_id` bigint(20) UNSIGNED NOT NULL,
  `title` varchar(255) COLLATE utf8mb4_unicode_ci NOT NULL,
  `description` text COLLATE utf8mb4_unicode_ci NOT NULL,
  `video` text COLLATE utf8mb4_unicode_ci NOT NULL,
  `image` text COLLATE utf8mb4_unicode_ci NOT NULL,
  `deleted_at` timestamp NULL DEFAULT NULL,
  `created_at` timestamp NULL DEFAULT NULL,
  `updated_at` timestamp NULL DEFAULT NULL
) ENGINE=InnoDB DEFAULT CHARSET=utf8mb4 COLLATE=utf8mb4_unicode_ci;

--
-- Dumping data for table `videos`
--

INSERT INTO `videos` (`id`, `user_id`, `title`, `description`, `video`, `image`, `deleted_at`, `created_at`, `updated_at`) VALUES
(1, 1, 'آموزش تعویض روغن', 'وظیفه اصلی روغن‌موتور روانکاری قطعات متحرک موتور و جلوگیری یا به حداقل رساندن سایش و اصطکاک آن‌ها است. روغن‌موتور همچنین وظیفه خنک‌کاری قطعات و جذب رسوبات و ذرات معلق را بر‌عهده دارد. در این مطلب به نکات کاربردی در خصوص روغن‌موتور و زمان تعویض آن خواهیم پرداخت.', 'v-videos/ch-oil-2.jpg', 'v-videos/May2022/Mc3Ql2rON9qHRfYNfQ38.jpg', NULL, '2022-05-30 06:46:50', '2022-05-30 06:46:50');

--
-- Indexes for dumped tables
--

--
-- Indexes for table `articles`
--
ALTER TABLE `articles`
  ADD PRIMARY KEY (`id`),
  ADD KEY `articles_user_id_foreign` (`user_id`);

--
-- Indexes for table `cities`
--
ALTER TABLE `cities`
  ADD PRIMARY KEY (`id`),
  ADD UNIQUE KEY `cities_slug_unique` (`slug`),
  ADD KEY `cities_province_id_foreign` (`province_id`);

--
-- Indexes for table `contact_us`
--
ALTER TABLE `contact_us`
  ADD PRIMARY KEY (`id`);

--
-- Indexes for table `data_rows`
--
ALTER TABLE `data_rows`
  ADD PRIMARY KEY (`id`),
  ADD KEY `data_rows_data_type_id_foreign` (`data_type_id`);

--
-- Indexes for table `data_types`
--
ALTER TABLE `data_types`
  ADD PRIMARY KEY (`id`),
  ADD UNIQUE KEY `data_types_name_unique` (`name`),
  ADD UNIQUE KEY `data_types_slug_unique` (`slug`);

--
-- Indexes for table `failed_jobs`
--
ALTER TABLE `failed_jobs`
  ADD PRIMARY KEY (`id`),
  ADD UNIQUE KEY `failed_jobs_uuid_unique` (`uuid`);

--
-- Indexes for table `menus`
--
ALTER TABLE `menus`
  ADD PRIMARY KEY (`id`),
  ADD UNIQUE KEY `menus_name_unique` (`name`);

--
-- Indexes for table `menu_items`
--
ALTER TABLE `menu_items`
  ADD PRIMARY KEY (`id`),
  ADD KEY `menu_items_menu_id_foreign` (`menu_id`);

--
-- Indexes for table `migrations`
--
ALTER TABLE `migrations`
  ADD PRIMARY KEY (`id`);

--
-- Indexes for table `news_members`
--
ALTER TABLE `news_members`
  ADD PRIMARY KEY (`id`),
  ADD UNIQUE KEY `news_members_email_unique` (`email`);

--
-- Indexes for table `offers`
--
ALTER TABLE `offers`
  ADD PRIMARY KEY (`id`);

--
-- Indexes for table `password_resets`
--
ALTER TABLE `password_resets`
  ADD KEY `password_resets_email_index` (`email`);

--
-- Indexes for table `permissions`
--
ALTER TABLE `permissions`
  ADD PRIMARY KEY (`id`),
  ADD KEY `permissions_key_index` (`key`);

--
-- Indexes for table `permission_role`
--
ALTER TABLE `permission_role`
  ADD PRIMARY KEY (`permission_id`,`role_id`),
  ADD KEY `permission_role_permission_id_index` (`permission_id`),
  ADD KEY `permission_role_role_id_index` (`role_id`);

--
-- Indexes for table `personal_access_tokens`
--
ALTER TABLE `personal_access_tokens`
  ADD PRIMARY KEY (`id`),
  ADD UNIQUE KEY `personal_access_tokens_token_unique` (`token`),
  ADD KEY `personal_access_tokens_tokenable_type_tokenable_id_index` (`tokenable_type`,`tokenable_id`);

--
-- Indexes for table `provinces`
--
ALTER TABLE `provinces`
  ADD PRIMARY KEY (`id`),
  ADD UNIQUE KEY `provinces_slug_unique` (`slug`);

--
-- Indexes for table `roles`
--
ALTER TABLE `roles`
  ADD PRIMARY KEY (`id`),
  ADD UNIQUE KEY `roles_name_unique` (`name`);

--
-- Indexes for table `services`
--
ALTER TABLE `services`
  ADD PRIMARY KEY (`id`),
  ADD KEY `services_user_id_foreign` (`user_id`),
  ADD KEY `services_center_id_foreign` (`center_id`);

--
-- Indexes for table `service_centers`
--
ALTER TABLE `service_centers`
  ADD PRIMARY KEY (`id`),
  ADD KEY `service_centers_user_id_foreign` (`user_id`),
  ADD KEY `service_centers_city_id_foreign` (`city_id`);

--
-- Indexes for table `settings`
--
ALTER TABLE `settings`
  ADD PRIMARY KEY (`id`),
  ADD UNIQUE KEY `settings_key_unique` (`key`);

--
-- Indexes for table `translations`
--
ALTER TABLE `translations`
  ADD PRIMARY KEY (`id`),
  ADD UNIQUE KEY `translations_table_name_column_name_foreign_key_locale_unique` (`table_name`,`column_name`,`foreign_key`,`locale`);

--
-- Indexes for table `turns`
--
ALTER TABLE `turns`
  ADD PRIMARY KEY (`id`),
  ADD KEY `turns_user_id_foreign` (`user_id`),
  ADD KEY `turns_center_id_foreign` (`center_id`);

--
-- Indexes for table `users`
--
ALTER TABLE `users`
  ADD PRIMARY KEY (`id`),
  ADD UNIQUE KEY `users_mobile_unique` (`mobile`),
  ADD UNIQUE KEY `users_email_unique` (`email`),
  ADD KEY `users_role_id_foreign` (`role_id`);

--
-- Indexes for table `user_roles`
--
ALTER TABLE `user_roles`
  ADD PRIMARY KEY (`user_id`,`role_id`),
  ADD KEY `user_roles_user_id_index` (`user_id`),
  ADD KEY `user_roles_role_id_index` (`role_id`);

--
-- Indexes for table `videos`
--
ALTER TABLE `videos`
  ADD PRIMARY KEY (`id`),
  ADD KEY `videos_user_id_foreign` (`user_id`);

--
-- AUTO_INCREMENT for dumped tables
--

--
-- AUTO_INCREMENT for table `articles`
--
ALTER TABLE `articles`
  MODIFY `id` bigint(20) UNSIGNED NOT NULL AUTO_INCREMENT, AUTO_INCREMENT=3;

--
-- AUTO_INCREMENT for table `cities`
--
ALTER TABLE `cities`
  MODIFY `id` int(10) UNSIGNED NOT NULL AUTO_INCREMENT, AUTO_INCREMENT=1246;

--
-- AUTO_INCREMENT for table `contact_us`
--
ALTER TABLE `contact_us`
  MODIFY `id` bigint(20) UNSIGNED NOT NULL AUTO_INCREMENT, AUTO_INCREMENT=5;

--
-- AUTO_INCREMENT for table `data_rows`
--
ALTER TABLE `data_rows`
  MODIFY `id` int(10) UNSIGNED NOT NULL AUTO_INCREMENT, AUTO_INCREMENT=80;

--
-- AUTO_INCREMENT for table `data_types`
--
ALTER TABLE `data_types`
  MODIFY `id` int(10) UNSIGNED NOT NULL AUTO_INCREMENT, AUTO_INCREMENT=11;

--
-- AUTO_INCREMENT for table `failed_jobs`
--
ALTER TABLE `failed_jobs`
  MODIFY `id` bigint(20) UNSIGNED NOT NULL AUTO_INCREMENT;

--
-- AUTO_INCREMENT for table `menus`
--
ALTER TABLE `menus`
  MODIFY `id` int(10) UNSIGNED NOT NULL AUTO_INCREMENT, AUTO_INCREMENT=2;

--
-- AUTO_INCREMENT for table `menu_items`
--
ALTER TABLE `menu_items`
  MODIFY `id` int(10) UNSIGNED NOT NULL AUTO_INCREMENT, AUTO_INCREMENT=17;

--
-- AUTO_INCREMENT for table `migrations`
--
ALTER TABLE `migrations`
  MODIFY `id` int(10) UNSIGNED NOT NULL AUTO_INCREMENT, AUTO_INCREMENT=33;

--
-- AUTO_INCREMENT for table `news_members`
--
ALTER TABLE `news_members`
  MODIFY `id` bigint(20) UNSIGNED NOT NULL AUTO_INCREMENT, AUTO_INCREMENT=4;

--
-- AUTO_INCREMENT for table `offers`
--
ALTER TABLE `offers`
  MODIFY `id` bigint(20) UNSIGNED NOT NULL AUTO_INCREMENT, AUTO_INCREMENT=4;

--
-- AUTO_INCREMENT for table `permissions`
--
ALTER TABLE `permissions`
  MODIFY `id` bigint(20) UNSIGNED NOT NULL AUTO_INCREMENT, AUTO_INCREMENT=56;

--
-- AUTO_INCREMENT for table `personal_access_tokens`
--
ALTER TABLE `personal_access_tokens`
  MODIFY `id` bigint(20) UNSIGNED NOT NULL AUTO_INCREMENT;

--
-- AUTO_INCREMENT for table `provinces`
--
ALTER TABLE `provinces`
  MODIFY `id` tinyint(3) UNSIGNED NOT NULL AUTO_INCREMENT, AUTO_INCREMENT=32;

--
-- AUTO_INCREMENT for table `roles`
--
ALTER TABLE `roles`
  MODIFY `id` bigint(20) UNSIGNED NOT NULL AUTO_INCREMENT, AUTO_INCREMENT=4;

--
-- AUTO_INCREMENT for table `services`
--
ALTER TABLE `services`
  MODIFY `id` bigint(20) UNSIGNED NOT NULL AUTO_INCREMENT, AUTO_INCREMENT=21;

--
-- AUTO_INCREMENT for table `service_centers`
--
ALTER TABLE `service_centers`
  MODIFY `id` bigint(20) UNSIGNED NOT NULL AUTO_INCREMENT, AUTO_INCREMENT=4;

--
-- AUTO_INCREMENT for table `settings`
--
ALTER TABLE `settings`
  MODIFY `id` int(10) UNSIGNED NOT NULL AUTO_INCREMENT, AUTO_INCREMENT=11;

--
-- AUTO_INCREMENT for table `translations`
--
ALTER TABLE `translations`
  MODIFY `id` int(10) UNSIGNED NOT NULL AUTO_INCREMENT;

--
-- AUTO_INCREMENT for table `turns`
--
ALTER TABLE `turns`
  MODIFY `id` bigint(20) UNSIGNED NOT NULL AUTO_INCREMENT, AUTO_INCREMENT=13;

--
-- AUTO_INCREMENT for table `users`
--
ALTER TABLE `users`
  MODIFY `id` bigint(20) UNSIGNED NOT NULL AUTO_INCREMENT, AUTO_INCREMENT=9;

--
-- AUTO_INCREMENT for table `videos`
--
ALTER TABLE `videos`
  MODIFY `id` bigint(20) UNSIGNED NOT NULL AUTO_INCREMENT, AUTO_INCREMENT=2;

--
-- Constraints for dumped tables
--

--
-- Constraints for table `articles`
--
ALTER TABLE `articles`
  ADD CONSTRAINT `articles_user_id_foreign` FOREIGN KEY (`user_id`) REFERENCES `users` (`id`) ON DELETE CASCADE ON UPDATE CASCADE;

--
-- Constraints for table `data_rows`
--
ALTER TABLE `data_rows`
  ADD CONSTRAINT `data_rows_data_type_id_foreign` FOREIGN KEY (`data_type_id`) REFERENCES `data_types` (`id`) ON DELETE CASCADE ON UPDATE CASCADE;

--
-- Constraints for table `menu_items`
--
ALTER TABLE `menu_items`
  ADD CONSTRAINT `menu_items_menu_id_foreign` FOREIGN KEY (`menu_id`) REFERENCES `menus` (`id`) ON DELETE CASCADE;

--
-- Constraints for table `permission_role`
--
ALTER TABLE `permission_role`
  ADD CONSTRAINT `permission_role_permission_id_foreign` FOREIGN KEY (`permission_id`) REFERENCES `permissions` (`id`) ON DELETE CASCADE,
  ADD CONSTRAINT `permission_role_role_id_foreign` FOREIGN KEY (`role_id`) REFERENCES `roles` (`id`) ON DELETE CASCADE;

--
-- Constraints for table `services`
--
ALTER TABLE `services`
  ADD CONSTRAINT `services_center_id_foreign` FOREIGN KEY (`center_id`) REFERENCES `service_centers` (`id`) ON DELETE CASCADE ON UPDATE CASCADE,
  ADD CONSTRAINT `services_user_id_foreign` FOREIGN KEY (`user_id`) REFERENCES `users` (`id`) ON DELETE CASCADE ON UPDATE CASCADE;

--
-- Constraints for table `service_centers`
--
ALTER TABLE `service_centers`
  ADD CONSTRAINT `service_centers_city_id_foreign` FOREIGN KEY (`city_id`) REFERENCES `cities` (`id`) ON DELETE CASCADE ON UPDATE CASCADE,
  ADD CONSTRAINT `service_centers_user_id_foreign` FOREIGN KEY (`user_id`) REFERENCES `users` (`id`) ON DELETE CASCADE ON UPDATE CASCADE;

--
-- Constraints for table `turns`
--
ALTER TABLE `turns`
  ADD CONSTRAINT `turns_center_id_foreign` FOREIGN KEY (`center_id`) REFERENCES `service_centers` (`id`) ON DELETE CASCADE ON UPDATE CASCADE,
  ADD CONSTRAINT `turns_user_id_foreign` FOREIGN KEY (`user_id`) REFERENCES `users` (`id`) ON DELETE CASCADE ON UPDATE CASCADE;

--
-- Constraints for table `users`
--
ALTER TABLE `users`
  ADD CONSTRAINT `users_role_id_foreign` FOREIGN KEY (`role_id`) REFERENCES `roles` (`id`);

--
-- Constraints for table `user_roles`
--
ALTER TABLE `user_roles`
  ADD CONSTRAINT `user_roles_role_id_foreign` FOREIGN KEY (`role_id`) REFERENCES `roles` (`id`) ON DELETE CASCADE,
  ADD CONSTRAINT `user_roles_user_id_foreign` FOREIGN KEY (`user_id`) REFERENCES `users` (`id`) ON DELETE CASCADE;

--
-- Constraints for table `videos`
--
ALTER TABLE `videos`
  ADD CONSTRAINT `videos_user_id_foreign` FOREIGN KEY (`user_id`) REFERENCES `users` (`id`) ON DELETE CASCADE ON UPDATE CASCADE;
COMMIT;

/*!40101 SET CHARACTER_SET_CLIENT=@OLD_CHARACTER_SET_CLIENT */;
/*!40101 SET CHARACTER_SET_RESULTS=@OLD_CHARACTER_SET_RESULTS */;
/*!40101 SET COLLATION_CONNECTION=@OLD_COLLATION_CONNECTION */;
